FIPS_CODE,STNAME,CTYNAME,POPESTIMATE2023,DEATHS2023
01001,Alabama,Autauga County,60342,621
01003,Alabama,Baldwin County,253507,2640
01005,Alabama,Barbour County,24585,350
01007,Alabama,Bibb County,21868,290
01009,Alabama,Blount County,59816,776
01011,Alabama,Bullock County,9897,133
01013,Alabama,Butler County,18382,299
01015,Alabama,Calhoun County,116429,1649
01017,Alabama,Chambers County,34079,511
01019,Alabama,Cherokee County,25666,409
01021,Alabama,Chilton County,46431,588
01023,Alabama,Choctaw County,12252,200
01025,Alabama,Clarke County,22337,366
01027,Alabama,Clay County,14111,230
01029,Alabama,Cleburne County,15639,229
01031,Alabama,Coffee County,55643,630
01033,Alabama,Colbert County,58361,801
01035,Alabama,Conecuh County,11174,205
01037,Alabama,Coosa County,10268,174
01039,Alabama,Covington County,37952,653
01041,Alabama,Crenshaw County,13101,225
01043,Alabama,Cullman County,92016,1146
01045,Alabama,Dale County,49871,623
01047,Alabama,Dallas County,36165,572
01049,Alabama,DeKalb County,72569,945
01051,Alabama,Elmore County,90441,942
01053,Alabama,Escambia County,36558,582
01055,Alabama,Etowah County,103241,1630
01057,Alabama,Fayette County,15967,276
01059,Alabama,Franklin County,31802,449
01061,Alabama,Geneva County,26988,451
01063,Alabama,Greene County,7341,126
01065,Alabama,Hale County,14888,251
01067,Alabama,Henry County,17899,261
01069,Alabama,Houston County,108462,1349
01071,Alabama,Jackson County,53467,841
01073,Alabama,Jefferson County,662895,7573
01075,Alabama,Lamar County,13661,238
01077,Alabama,Lauderdale County,96814,1183
01079,Alabama,Lawrence County,33502,492
01081,Alabama,Lee County,183215,1313
01083,Alabama,Limestone County,114654,1040
01085,Alabama,Lowndes County,9717,169
01087,Alabama,Macon County,18370,241
01089,Alabama,Madison County,412600,3616
01091,Alabama,Marengo County,18684,301
01093,Alabama,Marion County,29244,441
01095,Alabama,Marshall County,100756,1256
01097,Alabama,Mobile County,411640,4765
01099,Alabama,Monroe County,19229,319
01101,Alabama,Montgomery County,224980,2360
01103,Alabama,Morgan County,125133,1506
01105,Alabama,Perry County,7738,141
01107,Alabama,Pickens County,18688,283
01109,Alabama,Pike County,33137,396
01111,Alabama,Randolph County,22786,336
01113,Alabama,Russell County,58744,710
01115,Alabama,St. Clair County,95552,1156
01117,Alabama,Shelby County,233000,1727
01119,Alabama,Sumter County,11727,161
01121,Alabama,Talladega County,81132,1147
01123,Alabama,Tallapoosa County,40677,637
01125,Alabama,Tuscaloosa County,237373,2004
01127,Alabama,Walker County,64728,1096
01129,Alabama,Washington County,15022,229
01131,Alabama,Wilcox County,9944,166
01133,Alabama,Winston County,23611,388
02013,Alaska,Aleutians East Borough,3461,10
02016,Alaska,Aleutians West Census Area,5160,16
02020,Alaska,Anchorage Municipality,286075,2177
02050,Alaska,Bethel Census Area,18224,155
02060,Alaska,Bristol Bay Borough,844,7
02063,Alaska,Chugach Census Area,6769,24
02066,Alaska,Copper River Census Area,2674,18
02068,Alaska,Denali Borough,1584,9
02070,Alaska,Dillingham Census Area,4607,47
02090,Alaska,Fairbanks North Star Borough,94840,606
02100,Alaska,Haines Borough,2070,17
02105,Alaska,Hoonah-Angoon Census Area,2262,28
02110,Alaska,Juneau City and Borough,31555,214
02122,Alaska,Kenai Peninsula Borough,61223,549
02130,Alaska,Ketchikan Gateway Borough,13738,109
02150,Alaska,Kodiak Island Borough,12565,88
02158,Alaska,Kusilvak Census Area,8001,72
02164,Alaska,Lake and Peninsula Borough,1331,11
02170,Alaska,Matanuska-Susitna Borough,115239,862
02180,Alaska,Nome Census Area,9763,84
02185,Alaska,North Slope Borough,10603,63
02188,Alaska,Northwest Arctic Borough,7361,79
02195,Alaska,Petersburg Borough,3427,28
02198,Alaska,Prince of Wales-Hyder Census Area,5696,76
02220,Alaska,Sitka City and Borough,8282,69
02230,Alaska,Skagway Municipality,1095,8
02240,Alaska,Southeast Fairbanks Census Area,7077,54
02275,Alaska,Wrangell City and Borough,2064,24
02282,Alaska,Yakutat City and Borough,687,2
02290,Alaska,Yukon-Koyukuk Census Area,5129,75
04001,Arizona,Apache County,65036,975
04003,Arizona,Cochise County,124640,1612
04005,Arizona,Coconino County,144472,1059
04007,Arizona,Gila County,54003,931
04009,Arizona,Graham County,39525,408
04011,Arizona,Greenlee County,9369,98
04012,Arizona,La Paz County,16710,376
04013,Arizona,Maricopa County,4585871,38287
04015,Arizona,Mohave County,223682,3993
04017,Arizona,Navajo County,109175,1597
04019,Arizona,Pima County,1063162,11276
04021,Arizona,Pinal County,484239,4293
04023,Arizona,Santa Cruz County,49158,382
04025,Arizona,Yavapai County,249081,3587
04027,Arizona,Yuma County,213221,1918
05001,Arkansas,Arkansas County,16307,305
05003,Arkansas,Ashley County,18262,315
05005,Arkansas,Baxter County,42875,801
05007,Arkansas,Benton County,311013,2211
05009,Arkansas,Boone County,38530,526
05011,Arkansas,Bradley County,10104,154
05013,Arkansas,Calhoun County,4641,88
05015,Arkansas,Carroll County,28814,371
05017,Arkansas,Chicot County,9538,173
05019,Arkansas,Clark County,21274,289
05021,Arkansas,Clay County,14201,242
05023,Arkansas,Cleburne County,25445,427
05025,Arkansas,Cleveland County,7378,129
05027,Arkansas,Columbia County,22150,298
05029,Arkansas,Conway County,21077,298
05031,Arkansas,Craighead County,113993,1091
05033,Arkansas,Crawford County,61891,779
05035,Arkansas,Crittenden County,47139,620
05037,Arkansas,Cross County,16420,265
05039,Arkansas,Dallas County,6185,120
05041,Arkansas,Desha County,10479,164
05043,Arkansas,Drew County,16945,226
05045,Arkansas,Faulkner County,129951,1117
05047,Arkansas,Franklin County,17468,258
05049,Arkansas,Fulton County,12421,235
05051,Arkansas,Garland County,99784,1535
05053,Arkansas,Grant County,18383,258
05055,Arkansas,Greene County,46743,562
05057,Arkansas,Hempstead County,19343,281
05059,Arkansas,Hot Spring County,33258,475
05061,Arkansas,Howard County,12533,175
05063,Arkansas,Independence County,38320,487
05065,Arkansas,Izard County,14169,238
05067,Arkansas,Jackson County,16784,252
05069,Arkansas,Jefferson County,63661,916
05071,Arkansas,Johnson County,26129,334
05073,Arkansas,Lafayette County,6095,106
05075,Arkansas,Lawrence County,16318,239
05077,Arkansas,Lee County,8201,139
05079,Arkansas,Lincoln County,12898,170
05081,Arkansas,Little River County,11805,194
05083,Arkansas,Logan County,21400,362
05085,Arkansas,Lonoke County,75944,789
05087,Arkansas,Madison County,17775,248
05089,Arkansas,Marion County,17514,301
05091,Arkansas,Miller County,42415,573
05093,Arkansas,Mississippi County,38663,571
05095,Arkansas,Monroe County,6512,134
05097,Arkansas,Montgomery County,8620,162
05099,Arkansas,Nevada County,8120,121
05101,Arkansas,Newton County,7071,123
05103,Arkansas,Ouachita County,21793,370
05105,Arkansas,Perry County,10184,151
05107,Arkansas,Phillips County,14961,278
05109,Arkansas,Pike County,10208,170
05111,Arkansas,Poinsett County,22397,398
05113,Arkansas,Polk County,19436,316
05115,Arkansas,Pope County,64593,682
05117,Arkansas,Prairie County,8036,143
05119,Arkansas,Pulaski County,400009,4064
05121,Arkansas,Randolph County,18907,265
05123,Arkansas,St. Francis County,22101,329
05125,Arkansas,Saline County,129574,1385
05127,Arkansas,Scott County,9851,178
05129,Arkansas,Searcy County,7806,154
05131,Arkansas,Sebastian County,129098,1511
05133,Arkansas,Sevier County,15632,201
05135,Arkansas,Sharp County,17968,302
05137,Arkansas,Stone County,12671,220
05139,Arkansas,Union County,37397,573
05141,Arkansas,Van Buren County,16142,298
05143,Arkansas,Washington County,261549,1869
05145,Arkansas,White County,78452,990
05147,Arkansas,Woodruff County,5964,102
05149,Arkansas,Yell County,20044,277
06001,California,Alameda County,1622188,10571
06003,California,Alpine County,1141,22
06005,California,Amador County,41811,553
06007,California,Butte County,207172,2388
06009,California,Calaveras County,46565,594
06011,California,Colusa County,22037,188
06013,California,Contra Costa County,1155025,8599
06015,California,Del Norte County,26589,359
06017,California,El Dorado County,192215,1748
06019,California,Fresno County,1017162,8384
06021,California,Glenn County,28129,327
06023,California,Humboldt County,133985,1566
06025,California,Imperial County,179057,1403
06027,California,Inyo County,18527,222
06029,California,Kern County,913820,7622
06031,California,Kings County,152682,1116
06033,California,Lake County,67878,972
06035,California,Lassen County,28861,287
06037,California,Los Angeles County,9663345,73138
06039,California,Madera County,162858,1419
06041,California,Marin County,254407,2088
06043,California,Mariposa County,16919,225
06045,California,Mendocino County,89108,1013
06047,California,Merced County,291920,2169
06049,California,Modoc County,8500,115
06051,California,Mono County,13066,61
06053,California,Monterey County,430723,2857
06055,California,Napa County,133216,1262
06057,California,Nevada County,102037,1110
06059,California,Orange County,3135755,22619
06061,California,Placer County,423561,3803
06063,California,Plumas County,19131,216
06065,California,Riverside County,2492442,20536
06067,California,Sacramento County,1584288,13202
06069,California,San Benito County,68175,462
06071,California,San Bernardino County,2195611,17486
06073,California,San Diego County,3269973,24263
06075,California,San Francisco County,808988,6200
06077,California,San Joaquin County,800965,6313
06079,California,San Luis Obispo County,281639,2563
06081,California,San Mateo County,726353,4872
06083,California,Santa Barbara County,441257,3423
06085,California,Santa Clara County,1877592,10741
06087,California,Santa Cruz County,261547,1903
06089,California,Shasta County,180366,2543
06091,California,Sierra County,3200,34
06093,California,Siskiyou County,42905,644
06095,California,Solano County,449218,3819
06097,California,Sonoma County,481812,4388
06099,California,Stanislaus County,551430,5013
06101,California,Sutter County,97948,945
06103,California,Tehama County,64896,870
06105,California,Trinity County,15670,188
06107,California,Tulare County,479468,3712
06109,California,Tuolumne County,54204,791
06111,California,Ventura County,829590,6524
06113,California,Yolo County,220544,1507
06115,California,Yuba County,85722,746
08001,Colorado,Adams County,533365,3680
08003,Colorado,Alamosa County,16655,183
08005,Colorado,Arapahoe County,656061,4633
08007,Colorado,Archuleta County,14189,146
08009,Colorado,Baca County,3344,75
08011,Colorado,Bent County,5681,73
08013,Colorado,Boulder County,326831,2038
08014,Colorado,Broomfield County,76860,461
08015,Colorado,Chaffee County,20617,184
08017,Colorado,Cheyenne County,1727,26
08019,Colorado,Clear Creek County,9147,69
08021,Colorado,Conejos County,7521,107
08023,Colorado,Costilla County,3628,60
08025,Colorado,Crowley County,5636,67
08027,Colorado,Custer County,5534,61
08029,Colorado,Delta County,31746,475
08031,Colorado,Denver County,716577,4981
08033,Colorado,Dolores County,2513,35
08035,Colorado,Douglas County,383906,1954
08037,Colorado,Eagle County,54381,185
08039,Colorado,Elbert County,28806,219
08041,Colorado,El Paso County,744215,5702
08043,Colorado,Fremont County,50318,676
08045,Colorado,Garfield County,62707,412
08047,Colorado,Gilpin County,5926,41
08049,Colorado,Grand County,15935,103
08051,Colorado,Gunnison County,17321,85
08053,Colorado,Hinsdale County,765,5
08055,Colorado,Huerfano County,7055,135
08057,Colorado,Jackson County,1309,13
08059,Colorado,Jefferson County,576366,4997
08061,Colorado,Kiowa County,1384,21
08063,Colorado,Kit Carson County,6994,95
08065,Colorado,Lake County,7365,46
08067,Colorado,La Plata County,56407,455
08069,Colorado,Larimer County,370771,2638
08071,Colorado,Las Animas County,14348,243
08073,Colorado,Lincoln County,5480,69
08075,Colorado,Logan County,20619,270
08077,Colorado,Mesa County,159681,1780
08079,Colorado,Mineral County,944,11
08081,Colorado,Moffat County,13327,113
08083,Colorado,Montezuma County,26531,357
08085,Colorado,Montrose County,44156,542
08087,Colorado,Morgan County,29524,303
08089,Colorado,Otero County,18136,279
08091,Colorado,Ouray County,5176,40
08093,Colorado,Park County,18117,132
08095,Colorado,Phillips County,4476,70
08097,Colorado,Pitkin County,16640,68
08099,Colorado,Prowers County,11751,135
08101,Colorado,Pueblo County,169422,2232
08103,Colorado,Rio Blanco County,6569,70
08105,Colorado,Rio Grande County,11188,168
08107,Colorado,Routt County,25064,137
08109,Colorado,Saguache County,6688,76
08111,Colorado,San Juan County,802,7
08113,Colorado,San Miguel County,7868,35
08115,Colorado,Sedgwick County,2299,40
08117,Colorado,Summit County,30465,89
08119,Colorado,Teller County,24617,243
08121,Colorado,Washington County,4855,66
08123,Colorado,Weld County,359442,2286
08125,Colorado,Yuma County,9862,102
09110,Connecticut,Capitol Planning Region,975328,9135
09120,Connecticut,Greater Bridgeport Planning Region,327651,2400
09130,Connecticut,Lower Connecticut River Valley Planning Region,176215,1723
09140,Connecticut,Naugatuck Valley Planning Region,456128,4215
09150,Connecticut,Northeastern Connecticut Planning Region,96692,1015
09160,Connecticut,Northwest Hills Planning Region,113463,1192
09170,Connecticut,South Central Connecticut Planning Region,568158,5462
09180,Connecticut,Southeastern Connecticut Planning Region,279634,2962
09190,Connecticut,Western Connecticut Planning Region,623907,4738
10001,Delaware,Kent County,189789,2169
10003,Delaware,New Castle County,578592,5527
10005,Delaware,Sussex County,263509,3201
11001,District of Columbia,District of Columbia,678972,5020
12001,Florida,Alachua County,285994,2249
12003,Florida,Baker County,28368,345
12005,Florida,Bay County,190769,2188
12007,Florida,Bradford County,27858,367
12009,Florida,Brevard County,643979,8261
12011,Florida,Broward County,1962531,16483
12013,Florida,Calhoun County,13470,225
12015,Florida,Charlotte County,206134,3103
12017,Florida,Citrus County,166696,3149
12019,Florida,Clay County,232439,2355
12021,Florida,Collier County,404310,4166
12023,Florida,Columbia County,73063,1045
12027,Florida,DeSoto County,35979,435
12029,Florida,Dixie County,17465,285
12031,Florida,Duval County,1030822,9766
12033,Florida,Escambia County,326928,4012
12035,Florida,Flagler County,131439,1695
12037,Florida,Franklin County,12594,188
12039,Florida,Gadsden County,43833,605
12041,Florida,Gilchrist County,19587,260
12043,Florida,Glades County,12786,162
12045,Florida,Gulf County,15693,242
12047,Florida,Hamilton County,13471,207
12049,Florida,Hardee County,25760,328
12051,Florida,Hendry County,43333,412
12053,Florida,Hernando County,212807,3199
12055,Florida,Highlands County,107614,1907
12057,Florida,Hillsborough County,1535564,12440
12059,Florida,Holmes County,19944,320
12061,Florida,Indian River County,169795,2501
12063,Florida,Jackson County,48622,715
12065,Florida,Jefferson County,15450,209
12067,Florida,Lafayette County,8078,112
12069,Florida,Lake County,424462,5126
12071,Florida,Lee County,834573,8597
12073,Florida,Leon County,296913,2309
12075,Florida,Levy County,46545,670
12077,Florida,Liberty County,7706,78
12079,Florida,Madison County,18519,302
12081,Florida,Manatee County,441095,4744
12083,Florida,Marion County,409959,6118
12085,Florida,Martin County,163315,2241
12086,Florida,Miami-Dade County,2686867,22335
12087,Florida,Monroe County,80614,799
12089,Florida,Nassau County,101501,1126
12091,Florida,Okaloosa County,218464,2136
12093,Florida,Okeechobee County,41427,586
12095,Florida,Orange County,1471416,9597
12097,Florida,Osceola County,437784,3104
12099,Florida,Palm Beach County,1533801,15837
12101,Florida,Pasco County,632996,7184
12103,Florida,Pinellas County,961596,12433
12105,Florida,Polk County,818330,8352
12107,Florida,Putnam County,75955,1233
12109,Florida,St. Johns County,320110,2486
12111,Florida,St. Lucie County,373586,4021
12113,Florida,Santa Rosa County,203162,1929
12115,Florida,Sarasota County,469013,6402
12117,Florida,Seminole County,484271,3987
12119,Florida,Sumter County,151565,2530
12121,Florida,Suwannee County,46130,709
12123,Florida,Taylor County,21582,329
12125,Florida,Union County,15532,248
12127,Florida,Volusia County,590357,8054
12129,Florida,Wakulla County,36449,410
12131,Florida,Walton County,86354,863
12133,Florida,Washington County,25602,370
13001,Georgia,Appling County,18457,238
13003,Georgia,Atkinson County,8293,125
13005,Georgia,Bacon County,11124,166
13007,Georgia,Baker County,2743,43
13009,Georgia,Baldwin County,43396,525
13011,Georgia,Banks County,19789,241
13013,Georgia,Barrow County,92792,800
13015,Georgia,Bartow County,115041,1139
13017,Georgia,Ben Hill County,17128,273
13019,Georgia,Berrien County,18570,259
13021,Georgia,Bibb County,156512,1916
13023,Georgia,Bleckley County,12465,171
13025,Georgia,Brantley County,18401,246
13027,Georgia,Brooks County,16245,220
13029,Georgia,Bryan County,49739,340
13031,Georgia,Bulloch County,84327,674
13033,Georgia,Burke County,24438,276
13035,Georgia,Butts County,26887,343
13037,Georgia,Calhoun County,5457,65
13039,Georgia,Camden County,58118,491
13043,Georgia,Candler County,11059,195
13045,Georgia,Carroll County,127098,1270
13047,Georgia,Catoosa County,68910,816
13049,Georgia,Charlton County,12934,154
13051,Georgia,Chatham County,303655,2829
13053,Georgia,Chattahoochee County,8661,38
13055,Georgia,Chattooga County,25222,375
13057,Georgia,Cherokee County,286602,1984
13059,Georgia,Clarke County,129933,888
13061,Georgia,Clay County,2853,45
13063,Georgia,Clayton County,298300,2194
13065,Georgia,Clinch County,6746,85
13067,Georgia,Cobb County,776743,4858
13069,Georgia,Coffee County,43317,498
13071,Georgia,Colquitt County,46167,577
13073,Georgia,Columbia County,165162,1211
13075,Georgia,Cook County,17714,238
13077,Georgia,Coweta County,155892,1321
13079,Georgia,Crawford County,12277,202
13081,Georgia,Crisp County,19631,282
13083,Georgia,Dade County,16165,230
13085,Georgia,Dawson County,31732,298
13087,Georgia,Decatur County,29087,377
13089,Georgia,DeKalb County,762992,5199
13091,Georgia,Dodge County,19776,291
13093,Georgia,Dooly County,10981,158
13095,Georgia,Dougherty County,82645,1066
13097,Georgia,Douglas County,149160,1142
13099,Georgia,Early County,10563,175
13101,Georgia,Echols County,3709,35
13103,Georgia,Effingham County,71541,597
13105,Georgia,Elbert County,20013,306
13107,Georgia,Emanuel County,23119,338
13109,Georgia,Evans County,10754,133
13111,Georgia,Fannin County,25955,434
13113,Georgia,Fayette County,123351,1061
13115,Georgia,Floyd County,100113,1267
13117,Georgia,Forsyth County,272887,1559
13119,Georgia,Franklin County,24782,341
13121,Georgia,Fulton County,1079105,7153
13123,Georgia,Gilmer County,32860,424
13125,Georgia,Glascock County,2954,50
13127,Georgia,Glynn County,86172,1032
13129,Georgia,Gordon County,59757,688
13131,Georgia,Grady County,26066,328
13133,Georgia,Greene County,20722,254
13135,Georgia,Gwinnett County,983526,5081
13137,Georgia,Habersham County,48757,552
13139,Georgia,Hall County,217267,1758
13141,Georgia,Hancock County,8676,148
13143,Georgia,Haralson County,32038,418
13145,Georgia,Harris County,36654,334
13147,Georgia,Hart County,27556,392
13149,Georgia,Heard County,12034,167
13151,Georgia,Henry County,254613,1922
13153,Georgia,Houston County,171974,1454
13155,Georgia,Irwin County,9120,150
13157,Georgia,Jackson County,88615,756
13159,Georgia,Jasper County,16455,197
13161,Georgia,Jeff Davis County,14906,212
13163,Georgia,Jefferson County,15183,266
13165,Georgia,Jenkins County,8627,129
13167,Georgia,Johnson County,9282,138
13169,Georgia,Jones County,28969,354
13171,Georgia,Lamar County,20401,254
13173,Georgia,Lanier County,10452,114
13175,Georgia,Laurens County,49941,675
13177,Georgia,Lee County,33872,299
13179,Georgia,Liberty County,69210,518
13181,Georgia,Lincoln County,7879,113
13183,Georgia,Long County,19594,145
13185,Georgia,Lowndes County,120712,1088
13187,Georgia,Lumpkin County,35258,373
13189,Georgia,McDuffie County,21799,298
13191,Georgia,McIntosh County,11501,193
13193,Georgia,Macon County,11817,175
13195,Georgia,Madison County,32191,382
13197,Georgia,Marion County,7440,122
13199,Georgia,Meriwether County,20931,327
13201,Georgia,Miller County,5747,114
13205,Georgia,Mitchell County,21114,282
13207,Georgia,Monroe County,30625,359
13209,Georgia,Montgomery County,8761,134
13211,Georgia,Morgan County,21460,257
13213,Georgia,Murray County,41035,490
13215,Georgia,Muscogee County,201877,2140
13217,Georgia,Newton County,120135,1055
13219,Georgia,Oconee County,44182,333
13221,Georgia,Oglethorpe County,15754,187
13223,Georgia,Paulding County,183164,1223
13225,Georgia,Peach County,28805,362
13227,Georgia,Pickens County,35969,456
13229,Georgia,Pierce County,20425,276
13231,Georgia,Pike County,20461,245
13233,Georgia,Polk County,44223,574
13235,Georgia,Pulaski County,10095,158
13237,Georgia,Putnam County,23129,339
13239,Georgia,Quitman County,2280,43
13241,Georgia,Rabun County,17442,256
13243,Georgia,Randolph County,6078,106
13245,Georgia,Richmond County,205414,2245
13247,Georgia,Rockdale County,95987,833
13249,Georgia,Schley County,4526,57
13251,Georgia,Screven County,14174,211
13253,Georgia,Seminole County,9092,143
13255,Georgia,Spalding County,69946,927
13257,Georgia,Stephens County,27228,422
13259,Georgia,Stewart County,4674,80
13261,Georgia,Sumter County,28890,390
13263,Georgia,Talbot County,5718,93
13265,Georgia,Taliaferro County,1609,32
13267,Georgia,Tattnall County,24296,283
13269,Georgia,Taylor County,7758,129
13271,Georgia,Telfair County,10920,177
13273,Georgia,Terrell County,8718,137
13275,Georgia,Thomas County,45649,602
13277,Georgia,Tift County,41554,491
13279,Georgia,Toombs County,27040,382
13281,Georgia,Towns County,13035,226
13283,Georgia,Treutlen County,6341,97
13285,Georgia,Troup County,70742,795
13287,Georgia,Turner County,8909,131
13289,Georgia,Twiggs County,7691,153
13291,Georgia,Union County,27124,399
13293,Georgia,Upson County,28263,451
13295,Georgia,Walker County,69489,879
13297,Georgia,Walton County,106702,1035
13299,Georgia,Ware County,36243,547
13301,Georgia,Warren County,5106,84
13303,Georgia,Washington County,19820,273
13305,Georgia,Wayne County,31373,442
13307,Georgia,Webster County,2337,28
13309,Georgia,Wheeler County,7081,76
13311,Georgia,White County,29026,408
13313,Georgia,Whitfield County,103687,979
13315,Georgia,Wilcox County,8779,146
13317,Georgia,Wilkes County,9518,169
13319,Georgia,Wilkinson County,8725,156
13321,Georgia,Worth County,20273,299
15001,Hawaii,Hawaii County,207615,2051
15003,Hawaii,Honolulu County,989408,8770
15005,Hawaii,Kalawao County,81,0
15007,Hawaii,Kauai County,73851,640
15009,Hawaii,Maui County,164183,1351
16001,Idaho,Ada County,524673,3781
16003,Idaho,Adams County,4903,53
16005,Idaho,Bannock County,90400,871
16007,Idaho,Bear Lake County,6766,68
16009,Idaho,Benewah County,10369,150
16011,Idaho,Bingham County,50395,471
16013,Idaho,Blaine County,25041,153
16015,Idaho,Boise County,8517,84
16017,Idaho,Bonner County,52547,549
16019,Idaho,Bonneville County,131366,994
16021,Idaho,Boundary County,13557,153
16023,Idaho,Butte County,2758,37
16025,Idaho,Camas County,1232,6
16027,Idaho,Canyon County,257674,1970
16029,Idaho,Caribou County,7219,76
16031,Idaho,Cassia County,25696,228
16033,Idaho,Clark County,801,5
16035,Idaho,Clearwater County,9214,136
16037,Idaho,Custer County,4523,66
16039,Idaho,Elmore County,29724,245
16041,Idaho,Franklin County,15494,124
16043,Idaho,Fremont County,14196,143
16045,Idaho,Gem County,21071,256
16047,Idaho,Gooding County,16061,166
16049,Idaho,Idaho County,17890,228
16051,Idaho,Jefferson County,34198,238
16053,Idaho,Jerome County,25479,223
16055,Idaho,Kootenai County,185010,1782
16057,Idaho,Latah County,41301,295
16059,Idaho,Lemhi County,8441,129
16061,Idaho,Lewis County,3739,61
16063,Idaho,Lincoln County,5450,38
16065,Idaho,Madison County,54547,210
16067,Idaho,Minidoka County,22480,212
16069,Idaho,Nez Perce County,42987,591
16071,Idaho,Oneida County,4953,55
16073,Idaho,Owyhee County,12722,137
16075,Idaho,Payette County,27279,302
16077,Idaho,Power County,8253,62
16079,Idaho,Shoshone County,14026,227
16081,Idaho,Teton County,12549,63
16083,Idaho,Twin Falls County,95156,923
16085,Idaho,Valley County,12644,96
16087,Idaho,Washington County,11425,160
17001,Illinois,Adams County,64441,834
17003,Illinois,Alexander County,4695,104
17005,Illinois,Bond County,16450,203
17007,Illinois,Boone County,53202,485
17009,Illinois,Brown County,6294,61
17011,Illinois,Bureau County,32729,425
17013,Illinois,Calhoun County,4317,82
17015,Illinois,Carroll County,15526,226
17017,Illinois,Cass County,12596,139
17019,Illinois,Champaign County,205644,1504
17021,Illinois,Christian County,33228,449
17023,Illinois,Clark County,15088,225
17025,Illinois,Clay County,12999,184
17027,Illinois,Clinton County,36785,368
17029,Illinois,Coles County,46060,566
17031,Illinois,Cook County,5087072,43149
17033,Illinois,Crawford County,18300,250
17035,Illinois,Cumberland County,10261,134
17037,Illinois,DeKalb County,100288,818
17039,Illinois,De Witt County,15365,201
17041,Illinois,Douglas County,19629,239
17043,Illinois,DuPage County,921213,6667
17045,Illinois,Edgar County,16334,259
17047,Illinois,Edwards County,5968,88
17049,Illinois,Effingham County,34331,391
17051,Illinois,Fayette County,21164,252
17053,Illinois,Ford County,13250,210
17055,Illinois,Franklin County,37138,587
17057,Illinois,Fulton County,32541,503
17059,Illinois,Gallatin County,4670,91
17061,Illinois,Greene County,11543,185
17063,Illinois,Grundy County,53578,508
17065,Illinois,Hamilton County,7911,105
17067,Illinois,Hancock County,17186,228
17069,Illinois,Hardin County,3569,83
17071,Illinois,Henderson County,6088,95
17073,Illinois,Henry County,48448,569
17075,Illinois,Iroquois County,26136,424
17077,Illinois,Jackson County,52141,569
17079,Illinois,Jasper County,9144,121
17081,Illinois,Jefferson County,36320,504
17083,Illinois,Jersey County,21091,292
17085,Illinois,Jo Daviess County,21756,280
17087,Illinois,Johnson County,13326,168
17089,Illinois,Kane County,514982,3707
17091,Illinois,Kankakee County,105940,1243
17093,Illinois,Kendall County,139976,751
17095,Illinois,Knox County,48411,717
17097,Illinois,Lake County,708760,4977
17099,Illinois,LaSalle County,108309,1328
17101,Illinois,Lawrence County,14813,194
17103,Illinois,Lee County,33654,405
17105,Illinois,Livingston County,35320,480
17107,Illinois,Logan County,27590,342
17109,Illinois,McDonough County,26839,319
17111,Illinois,McHenry County,312800,2421
17113,Illinois,McLean County,170441,1356
17115,Illinois,Macon County,100591,1346
17117,Illinois,Macoupin County,44018,635
17119,Illinois,Madison County,262752,3108
17121,Illinois,Marion County,36673,560
17123,Illinois,Marshall County,11683,181
17125,Illinois,Mason County,12523,211
17127,Illinois,Massac County,13661,238
17129,Illinois,Menard County,11954,153
17131,Illinois,Mercer County,15487,207
17133,Illinois,Monroe County,34957,347
17135,Illinois,Montgomery County,27663,392
17137,Illinois,Morgan County,32140,448
17139,Illinois,Moultrie County,14342,204
17141,Illinois,Ogle County,51265,562
17143,Illinois,Peoria County,177513,1989
17145,Illinois,Perry County,20503,277
17147,Illinois,Piatt County,16714,187
17149,Illinois,Pike County,14342,233
17151,Illinois,Pope County,3707,70
17153,Illinois,Pulaski County,4911,107
17155,Illinois,Putnam County,5561,62
17157,Illinois,Randolph County,29815,400
17159,Illinois,Richland County,15488,249
17161,Illinois,Rock Island County,141236,1663
17163,Illinois,St. Clair County,251018,2775
17165,Illinois,Saline County,22873,380
17167,Illinois,Sangamon County,193491,2074
17169,Illinois,Schuyler County,6733,100
17171,Illinois,Scott County,4710,68
17173,Illinois,Shelby County,20568,294
17175,Illinois,Stark County,5218,86
17177,Illinois,Stephenson County,43105,623
17179,Illinois,Tazewell County,129541,1597
17181,Illinois,Union County,16667,253
17183,Illinois,Vermilion County,71652,1115
17185,Illinois,Wabash County,10942,161
17187,Illinois,Warren County,16185,210
17189,Illinois,Washington County,13536,170
17191,Illinois,Wayne County,15761,252
17193,Illinois,White County,13401,243
17195,Illinois,Whiteside County,54498,743
17197,Illinois,Will County,700728,5180
17199,Illinois,Williamson County,66706,854
17201,Illinois,Winnebago County,280922,3290
17203,Illinois,Woodford County,38285,420
18001,Indiana,Adams County,36288,369
18003,Indiana,Allen County,394545,3520
18005,Indiana,Bartholomew County,84003,820
18007,Indiana,Benton County,8729,108
18009,Indiana,Blackford County,11893,202
18011,Indiana,Boone County,76120,609
18013,Indiana,Brown County,15653,199
18015,Indiana,Carroll County,20525,233
18017,Indiana,Cass County,37666,464
18019,Indiana,Clark County,125467,1413
18021,Indiana,Clay County,26460,343
18023,Indiana,Clinton County,32730,416
18025,Indiana,Crawford County,10438,161
18027,Indiana,Daviess County,33656,338
18029,Indiana,Dearborn County,51215,571
18031,Indiana,Decatur County,26399,334
18033,Indiana,DeKalb County,44198,474
18035,Indiana,Delaware County,112321,1425
18037,Indiana,Dubois County,43546,497
18039,Indiana,Elkhart County,206409,1901
18041,Indiana,Fayette County,23362,362
18043,Indiana,Floyd County,80809,879
18045,Indiana,Fountain County,16731,254
18047,Indiana,Franklin County,23096,256
18049,Indiana,Fulton County,20358,283
18051,Indiana,Gibson County,32904,385
18053,Indiana,Grant County,66200,1038
18055,Indiana,Greene County,31196,431
18057,Indiana,Hamilton County,371645,2099
18059,Indiana,Hancock County,86166,851
18061,Indiana,Harrison County,40006,497
18063,Indiana,Hendricks County,186387,1337
18065,Indiana,Henry County,48929,679
18067,Indiana,Howard County,83831,1217
18069,Indiana,Huntington County,36781,492
18071,Indiana,Jackson County,46460,529
18073,Indiana,Jasper County,33535,412
18075,Indiana,Jay County,20032,295
18077,Indiana,Jefferson County,33056,417
18079,Indiana,Jennings County,27622,344
18081,Indiana,Johnson County,167819,1560
18083,Indiana,Knox County,36070,471
18085,Indiana,Kosciusko County,80364,850
18087,Indiana,LaGrange County,40907,305
18089,Indiana,Lake County,500598,5407
18091,Indiana,LaPorte County,111706,1274
18093,Indiana,Lawrence County,45084,674
18095,Indiana,Madison County,132504,1757
18097,Indiana,Marion County,968460,9122
18099,Indiana,Marshall County,46352,519
18101,Indiana,Martin County,9897,127
18103,Indiana,Miami County,35402,496
18105,Indiana,Monroe County,139342,1082
18107,Indiana,Montgomery County,38573,461
18109,Indiana,Morgan County,73227,824
18111,Indiana,Newton County,13960,219
18113,Indiana,Noble County,47430,528
18115,Indiana,Ohio County,6004,89
18117,Indiana,Orange County,19638,304
18119,Indiana,Owen County,21532,305
18121,Indiana,Parke County,16484,192
18123,Indiana,Perry County,19209,239
18125,Indiana,Pike County,12106,185
18127,Indiana,Porter County,175335,1729
18129,Indiana,Posey County,25040,245
18131,Indiana,Pulaski County,12385,207
18133,Indiana,Putnam County,37567,414
18135,Indiana,Randolph County,24216,401
18137,Indiana,Ripley County,29227,404
18139,Indiana,Rush County,16847,220
18141,Indiana,St. Joseph County,272848,2826
18143,Indiana,Scott County,24657,425
18145,Indiana,Shelby County,45231,510
18147,Indiana,Spencer County,19910,270
18149,Indiana,Starke County,23206,363
18151,Indiana,Steuben County,34917,375
18153,Indiana,Sullivan County,20757,270
18155,Indiana,Switzerland County,10019,118
18157,Indiana,Tippecanoe County,188792,1367
18159,Indiana,Tipton County,15256,223
18161,Indiana,Union County,6973,90
18163,Indiana,Vanderburgh County,179810,2108
18165,Indiana,Vermillion County,15417,227
18167,Indiana,Vigo County,106153,1226
18169,Indiana,Wabash County,30670,504
18171,Indiana,Warren County,8518,95
18173,Indiana,Warrick County,65867,673
18175,Indiana,Washington County,28205,381
18177,Indiana,Wayne County,66127,943
18179,Indiana,Wells County,28555,347
18181,Indiana,White County,24917,311
18183,Indiana,Whitley County,34742,363
19001,Iowa,Adair County,7389,120
19003,Iowa,Adams County,3544,56
19005,Iowa,Allamakee County,14074,155
19007,Iowa,Appanoose County,12119,190
19009,Iowa,Audubon County,5534,83
19011,Iowa,Benton County,25796,247
19013,Iowa,Black Hawk County,130471,1352
19015,Iowa,Boone County,26590,350
19017,Iowa,Bremer County,25307,256
19019,Iowa,Buchanan County,20691,223
19021,Iowa,Buena Vista County,20567,181
19023,Iowa,Butler County,14172,192
19025,Iowa,Calhoun County,9763,141
19027,Iowa,Carroll County,20522,286
19029,Iowa,Cass County,13130,200
19031,Iowa,Cedar County,18302,227
19033,Iowa,Cerro Gordo County,42406,546
19035,Iowa,Cherokee County,11605,174
19037,Iowa,Chickasaw County,11658,147
19039,Iowa,Clarke County,9588,154
19041,Iowa,Clay County,16511,190
19043,Iowa,Clayton County,16969,222
19045,Iowa,Clinton County,46158,618
19047,Iowa,Crawford County,16013,161
19049,Iowa,Dallas County,111092,599
19051,Iowa,Davis County,9169,88
19053,Iowa,Decatur County,7665,98
19055,Iowa,Delaware County,17600,186
19057,Iowa,Des Moines County,38253,509
19059,Iowa,Dickinson County,18056,208
19061,Iowa,Dubuque County,98887,1018
19063,Iowa,Emmet County,9229,124
19065,Iowa,Fayette County,19210,262
19067,Iowa,Floyd County,15326,204
19069,Iowa,Franklin County,9875,122
19071,Iowa,Fremont County,6458,95
19073,Iowa,Greene County,8584,129
19075,Iowa,Grundy County,12384,149
19077,Iowa,Guthrie County,10722,133
19079,Iowa,Hamilton County,14729,194
19081,Iowa,Hancock County,10615,149
19083,Iowa,Hardin County,16463,252
19085,Iowa,Harrison County,14670,185
19087,Iowa,Henry County,19547,243
19089,Iowa,Howard County,9376,131
19091,Iowa,Humboldt County,9500,120
19093,Iowa,Ida County,6833,97
19095,Iowa,Iowa County,16381,210
19097,Iowa,Jackson County,19342,237
19099,Iowa,Jasper County,37919,424
19101,Iowa,Jefferson County,15440,189
19103,Iowa,Johnson County,157528,877
19105,Iowa,Jones County,20900,227
19107,Iowa,Keokuk County,9914,138
19109,Iowa,Kossuth County,14396,194
19111,Iowa,Lee County,32565,485
19113,Iowa,Linn County,228972,2063
19115,Iowa,Louisa County,10513,120
19117,Iowa,Lucas County,8747,124
19119,Iowa,Lyon County,12324,96
19121,Iowa,Madison County,16971,169
19123,Iowa,Mahaska County,21874,266
19125,Iowa,Marion County,33770,374
19127,Iowa,Marshall County,40014,537
19129,Iowa,Mills County,14633,160
19131,Iowa,Mitchell County,10518,146
19133,Iowa,Monona County,8493,150
19135,Iowa,Monroe County,7504,111
19137,Iowa,Montgomery County,10139,157
19139,Iowa,Muscatine County,42218,468
19141,Iowa,O'Brien County,14012,183
19143,Iowa,Osceola County,5978,84
19145,Iowa,Page County,15014,215
19147,Iowa,Palo Alto County,8810,134
19149,Iowa,Plymouth County,25722,264
19151,Iowa,Pocahontas County,6976,103
19153,Iowa,Polk County,505255,4143
19155,Iowa,Pottawattamie County,93179,1079
19157,Iowa,Poweshiek County,18453,234
19159,Iowa,Ringgold County,4642,81
19161,Iowa,Sac County,9686,149
19163,Iowa,Scott County,174270,1722
19165,Iowa,Shelby County,11806,152
19167,Iowa,Sioux County,36246,267
19169,Iowa,Story County,98566,625
19171,Iowa,Tama County,16833,213
19173,Iowa,Taylor County,5924,86
19175,Iowa,Union County,11906,170
19177,Iowa,Van Buren County,7266,93
19179,Iowa,Wapello County,35166,471
19181,Iowa,Warren County,55205,514
19183,Iowa,Washington County,22560,263
19185,Iowa,Wayne County,6557,84
19187,Iowa,Webster County,36485,476
19189,Iowa,Winnebago County,10571,125
19191,Iowa,Winneshiek County,19815,210
19193,Iowa,Woodbury County,105951,1017
19195,Iowa,Worth County,7297,93
19197,Iowa,Wright County,12656,181
20001,Kansas,Allen County,12412,196
20003,Kansas,Anderson County,7838,104
20005,Kansas,Atchison County,16016,218
20007,Kansas,Barber County,4071,67
20009,Kansas,Barton County,24899,351
20011,Kansas,Bourbon County,14408,210
20013,Kansas,Brown County,9250,156
20015,Kansas,Butler County,68632,734
20017,Kansas,Chase County,2579,32
20019,Kansas,Chautauqua County,3347,65
20021,Kansas,Cherokee County,19054,301
20023,Kansas,Cheyenne County,2636,39
20025,Kansas,Clark County,1847,32
20027,Kansas,Clay County,8007,112
20029,Kansas,Cloud County,8854,156
20031,Kansas,Coffey County,8251,108
20033,Kansas,Comanche County,1655,31
20035,Kansas,Cowley County,34157,493
20037,Kansas,Crawford County,38764,495
20039,Kansas,Decatur County,2712,58
20041,Kansas,Dickinson County,18445,278
20043,Kansas,Doniphan County,7493,109
20045,Kansas,Douglas County,120553,796
20047,Kansas,Edwards County,2733,59
20049,Kansas,Elk County,2467,50
20051,Kansas,Ellis County,28810,228
20053,Kansas,Ellsworth County,6357,84
20055,Kansas,Finney County,37466,320
20057,Kansas,Ford County,33980,276
20059,Kansas,Franklin County,26125,330
20061,Kansas,Geary County,35047,271
20063,Kansas,Gove County,2735,42
20065,Kansas,Graham County,2376,41
20067,Kansas,Grant County,7147,61
20069,Kansas,Gray County,5743,64
20071,Kansas,Greeley County,1181,26
20073,Kansas,Greenwood County,5870,122
20075,Kansas,Hamilton County,2437,26
20077,Kansas,Harper County,5435,79
20079,Kansas,Harvey County,33504,500
20081,Kansas,Haskell County,3630,35
20083,Kansas,Hodgeman County,1655,42
20085,Kansas,Jackson County,13368,156
20087,Kansas,Jefferson County,18327,203
20089,Kansas,Jewell County,2847,59
20091,Kansas,Johnson County,622237,4443
20093,Kansas,Kearny County,3823,48
20095,Kansas,Kingman County,7066,260
20097,Kansas,Kiowa County,2374,38
20099,Kansas,Labette County,19728,290
20101,Kansas,Lane County,1529,32
20103,Kansas,Leavenworth County,83518,747
20105,Kansas,Lincoln County,2920,42
20107,Kansas,Linn County,9860,165
20109,Kansas,Logan County,2665,49
20111,Kansas,Lyon County,32172,314
20113,Kansas,McPherson County,30091,395
20115,Kansas,Marion County,11690,213
20117,Kansas,Marshall County,9933,133
20119,Kansas,Meade County,3911,59
20121,Kansas,Miami County,35320,405
20123,Kansas,Mitchell County,5719,96
20125,Kansas,Montgomery County,30568,518
20127,Kansas,Morris County,5334,71
20129,Kansas,Morton County,2580,44
20131,Kansas,Nemaha County,10114,120
20133,Kansas,Neosho County,15420,239
20135,Kansas,Ness County,2618,53
20137,Kansas,Norton County,5330,53
20139,Kansas,Osage County,15824,232
20141,Kansas,Osborne County,3427,57
20143,Kansas,Ottawa County,5818,74
20145,Kansas,Pawnee County,6126,86
20147,Kansas,Phillips County,4761,76
20149,Kansas,Pottawatomie County,26382,217
20151,Kansas,Pratt County,9082,128
20153,Kansas,Rawlins County,2463,39
20155,Kansas,Reno County,61497,777
20157,Kansas,Republic County,4627,88
20159,Kansas,Rice County,9260,142
20161,Kansas,Riley County,71402,421
20163,Kansas,Rooks County,4778,73
20165,Kansas,Rush County,2830,56
20167,Kansas,Russell County,6723,83
20169,Kansas,Saline County,53098,689
20171,Kansas,Scott County,4922,72
20173,Kansas,Sedgwick County,528469,5110
20175,Kansas,Seward County,21067,164
20177,Kansas,Shawnee County,177746,1994
20179,Kansas,Sheridan County,2423,41
20181,Kansas,Sherman County,5844,62
20183,Kansas,Smith County,3590,52
20185,Kansas,Stafford County,3909,81
20187,Kansas,Stanton County,1901,19
20189,Kansas,Stevens County,5077,55
20191,Kansas,Sumner County,22334,309
20193,Kansas,Thomas County,7865,72
20195,Kansas,Trego County,2731,43
20197,Kansas,Wabaunsee County,7057,89
20199,Kansas,Wallace County,1509,19
20201,Kansas,Washington County,5504,79
20203,Kansas,Wichita County,2082,30
20205,Kansas,Wilson County,8382,152
20207,Kansas,Woodson County,3115,54
20209,Kansas,Wyandotte County,165281,1552
21001,Kentucky,Adair County,19264,265
21003,Kentucky,Allen County,21788,277
21005,Kentucky,Anderson County,24613,270
21007,Kentucky,Ballard County,7582,128
21009,Kentucky,Barren County,45008,594
21011,Kentucky,Bath County,12975,213
21013,Kentucky,Bell County,23317,459
21015,Kentucky,Boone County,140496,1075
21017,Kentucky,Bourbon County,20134,286
21019,Kentucky,Boyd County,47826,739
21021,Kentucky,Boyle County,30988,385
21023,Kentucky,Bracken County,8426,115
21025,Kentucky,Breathitt County,12953,235
21027,Kentucky,Breckinridge County,21124,318
21029,Kentucky,Bullitt County,84863,810
21031,Kentucky,Butler County,12375,166
21033,Kentucky,Caldwell County,12551,182
21035,Kentucky,Calloway County,38280,477
21037,Kentucky,Campbell County,93702,857
21039,Kentucky,Carlisle County,4704,96
21041,Kentucky,Carroll County,10987,150
21043,Kentucky,Carter County,26366,441
21045,Kentucky,Casey County,15918,236
21047,Kentucky,Christian County,72032,771
21049,Kentucky,Clark County,37304,492
21051,Kentucky,Clay County,19648,344
21053,Kentucky,Clinton County,9148,155
21055,Kentucky,Crittenden County,8974,146
21057,Kentucky,Cumberland County,6000,110
21059,Kentucky,Daviess County,103458,1161
21061,Kentucky,Edmonson County,12448,180
21063,Kentucky,Elliott County,7245,97
21065,Kentucky,Estill County,13936,237
21067,Kentucky,Fayette County,320154,2594
21069,Kentucky,Fleming County,15442,208
21071,Kentucky,Floyd County,34423,655
21073,Kentucky,Franklin County,51644,697
21075,Kentucky,Fulton County,6338,121
21077,Kentucky,Gallatin County,8792,113
21079,Kentucky,Garrard County,17829,234
21081,Kentucky,Grant County,25619,305
21083,Kentucky,Graves County,36461,507
21085,Kentucky,Grayson County,26825,409
21087,Kentucky,Green County,11468,164
21089,Kentucky,Greenup County,35221,529
21091,Kentucky,Hancock County,8920,111
21093,Kentucky,Hardin County,112273,1208
21095,Kentucky,Harlan County,25324,510
21097,Kentucky,Harrison County,19415,286
21099,Kentucky,Hart County,19724,257
21101,Kentucky,Henderson County,44119,584
21103,Kentucky,Henry County,15973,219
21105,Kentucky,Hickman County,4447,78
21107,Kentucky,Hopkins County,44929,651
21109,Kentucky,Jackson County,13104,193
21111,Kentucky,Jefferson County,772144,8371
21113,Kentucky,Jessamine County,55017,542
21115,Kentucky,Johnson County,22116,378
21117,Kentucky,Kenton County,171321,1486
21119,Kentucky,Knott County,13659,254
21121,Kentucky,Knox County,29794,497
21123,Kentucky,Larue County,15303,203
21125,Kentucky,Laurel County,63296,803
21127,Kentucky,Lawrence County,16000,266
21129,Kentucky,Lee County,7293,133
21131,Kentucky,Leslie County,9864,199
21133,Kentucky,Letcher County,20423,409
21135,Kentucky,Lewis County,12973,211
21137,Kentucky,Lincoln County,24776,382
21139,Kentucky,Livingston County,8892,163
21141,Kentucky,Logan County,28283,370
21143,Kentucky,Lyon County,9187,137
21145,Kentucky,McCracken County,67428,933
21147,Kentucky,McCreary County,17050,279
21149,Kentucky,McLean County,9054,137
21151,Kentucky,Madison County,96735,942
21153,Kentucky,Magoffin County,11228,211
21155,Kentucky,Marion County,19834,244
21157,Kentucky,Marshall County,31744,450
21159,Kentucky,Martin County,10928,167
21161,Kentucky,Mason County,16841,251
21163,Kentucky,Meade County,30131,307
21165,Kentucky,Menifee County,6286,107
21167,Kentucky,Mercer County,23097,333
21169,Kentucky,Metcalfe County,10482,156
21171,Kentucky,Monroe County,11306,182
21173,Kentucky,Montgomery County,28527,373
21175,Kentucky,Morgan County,14283,176
21177,Kentucky,Muhlenberg County,30568,448
21179,Kentucky,Nelson County,47730,542
21181,Kentucky,Nicholas County,7686,117
21183,Kentucky,Ohio County,23626,346
21185,Kentucky,Oldham County,70183,473
21187,Kentucky,Owen County,11313,151
21189,Kentucky,Owsley County,4001,85
21191,Kentucky,Pendleton County,14810,183
21193,Kentucky,Perry County,27133,511
21195,Kentucky,Pike County,55973,937
21197,Kentucky,Powell County,12972,214
21199,Kentucky,Pulaski County,66191,917
21201,Kentucky,Robertson County,2313,38
21203,Kentucky,Rockcastle County,16190,282
21205,Kentucky,Rowan County,24409,291
21207,Kentucky,Russell County,18279,274
21209,Kentucky,Scott County,60168,491
21211,Kentucky,Shelby County,49515,492
21213,Kentucky,Simpson County,20195,256
21215,Kentucky,Spencer County,20531,186
21217,Kentucky,Taylor County,26443,402
21219,Kentucky,Todd County,12494,167
21221,Kentucky,Trigg County,14369,221
21223,Kentucky,Trimble County,8607,132
21225,Kentucky,Union County,13106,203
21227,Kentucky,Warren County,142229,1207
21229,Kentucky,Washington County,12267,162
21231,Kentucky,Wayne County,19580,287
21233,Kentucky,Webster County,12726,190
21235,Kentucky,Whitley County,36825,583
21237,Kentucky,Wolfe County,6282,148
21239,Kentucky,Woodford County,27268,297
22001,Louisiana,Acadia Parish,56489,806
22003,Louisiana,Allen Parish,22112,330
22005,Louisiana,Ascension Parish,131632,906
22007,Louisiana,Assumption Parish,20160,310
22009,Louisiana,Avoyelles Parish,38408,578
22011,Louisiana,Beauregard Parish,36827,433
22013,Louisiana,Bienville Parish,12366,253
22015,Louisiana,Bossier Parish,129795,1223
22017,Louisiana,Caddo Parish,226386,2818
22019,Louisiana,Calcasieu Parish,203761,2060
22021,Louisiana,Caldwell Parish,9389,148
22023,Louisiana,Cameron Parish,4768,52
22025,Louisiana,Catahoula Parish,8414,142
22027,Louisiana,Claiborne Parish,13670,196
22029,Louisiana,Concordia Parish,17688,287
22031,Louisiana,De Soto Parish,27114,356
22033,Louisiana,East Baton Rouge Parish,448467,4160
22035,Louisiana,East Carroll Parish,6829,112
22037,Louisiana,East Feliciana Parish,19229,283
22039,Louisiana,Evangeline Parish,31754,445
22041,Louisiana,Franklin Parish,19285,294
22043,Louisiana,Grant Parish,21911,262
22045,Louisiana,Iberia Parish,67659,845
22047,Louisiana,Iberville Parish,29617,418
22049,Louisiana,Jackson Parish,14746,219
22051,Louisiana,Jefferson Parish,421777,4223
22053,Louisiana,Jefferson Davis Parish,31553,480
22055,Louisiana,Lafayette Parish,249750,2063
22057,Louisiana,Lafourche Parish,95056,1063
22059,Louisiana,LaSalle Parish,14800,191
22061,Louisiana,Lincoln Parish,47962,462
22063,Louisiana,Livingston Parish,150145,1345
22065,Louisiana,Madison Parish,9246,141
22067,Louisiana,Morehouse Parish,23955,480
22069,Louisiana,Natchitoches Parish,36291,509
22071,Louisiana,Orleans Parish,364136,3387
22073,Louisiana,Ouachita Parish,157568,1748
22075,Louisiana,Plaquemines Parish,22386,212
22077,Louisiana,Pointe Coupee Parish,20000,315
22079,Louisiana,Rapides Parish,126260,1671
22081,Louisiana,Red River Parish,7356,130
22083,Louisiana,Richland Parish,19712,281
22085,Louisiana,Sabine Parish,21906,361
22087,Louisiana,St. Bernard Parish,44463,460
22089,Louisiana,St. Charles Parish,50620,468
22091,Louisiana,St. Helena Parish,10774,168
22093,Louisiana,St. James Parish,19191,249
22095,Louisiana,St. John the Baptist Parish,39592,456
22097,Louisiana,St. Landry Parish,81464,1111
22099,Louisiana,St. Martin Parish,51057,576
22101,Louisiana,St. Mary Parish,47055,661
22103,Louisiana,St. Tammany Parish,275583,2490
22105,Louisiana,Tangipahoa Parish,138064,1520
22107,Louisiana,Tensas Parish,3764,86
22109,Louisiana,Terrebonne Parish,103616,1242
22111,Louisiana,Union Parish,20650,338
22113,Louisiana,Vermilion Parish,56992,702
22115,Louisiana,Vernon Parish,46250,443
22117,Louisiana,Washington Parish,44865,687
22119,Louisiana,Webster Parish,35238,640
22121,Louisiana,West Baton Rouge Parish,28266,278
22123,Louisiana,West Carroll Parish,9323,150
22125,Louisiana,West Feliciana Parish,15371,165
22127,Louisiana,Winn Parish,13216,206
23001,Maine,Androscoggin County,113765,1429
23003,Maine,Aroostook County,67351,1084
23005,Maine,Cumberland County,310230,3059
23007,Maine,Franklin County,30828,411
23009,Maine,Hancock County,56526,752
23011,Maine,Kennebec County,127259,1605
23013,Maine,Knox County,40977,542
23015,Maine,Lincoln County,36507,450
23017,Maine,Oxford County,59905,831
23019,Maine,Penobscot County,155312,1950
23021,Maine,Piscataquis County,17486,306
23023,Maine,Sagadahoc County,37513,441
23025,Maine,Somerset County,51302,759
23027,Maine,Waldo County,40620,531
23029,Maine,Washington County,31555,529
23031,Maine,York County,218586,2319
24001,Maryland,Allegany County,67273,1001
24003,Maryland,Anne Arundel County,594582,4570
24005,Maryland,Baltimore County,844703,8577
24009,Maryland,Calvert County,94728,834
24011,Maryland,Caroline County,33593,430
24013,Maryland,Carroll County,176639,1758
24015,Maryland,Cecil County,105672,1194
24017,Maryland,Charles County,171973,1421
24019,Maryland,Dorchester County,32879,489
24021,Maryland,Frederick County,293391,2066
24023,Maryland,Garrett County,28423,389
24025,Maryland,Harford County,264644,2413
24027,Maryland,Howard County,336001,1901
24029,Maryland,Kent County,19303,312
24031,Maryland,Montgomery County,1058474,6412
24033,Maryland,Prince George's County,947430,6954
24035,Maryland,Queen Anne's County,52508,522
24037,Maryland,St. Mary's County,115281,1025
24039,Maryland,Somerset County,24910,315
24041,Maryland,Talbot County,37823,543
24043,Maryland,Washington County,155813,1900
24045,Maryland,Wicomico County,104800,1201
24047,Maryland,Worcester County,54171,716
24510,Maryland,Baltimore city,565239,6827
25001,Massachusetts,Barnstable County,231735,3208
25003,Massachusetts,Berkshire County,126818,1685
25005,Massachusetts,Bristol County,581841,6004
25007,Massachusetts,Dukes County,20819,173
25009,Massachusetts,Essex County,810089,7227
25011,Massachusetts,Franklin County,70836,754
25013,Massachusetts,Hampden County,460291,4951
25015,Massachusetts,Hampshire County,162502,1419
25017,Massachusetts,Middlesex County,1623952,11957
25019,Massachusetts,Nantucket County,14444,88
25021,Massachusetts,Norfolk County,727473,6056
25023,Massachusetts,Plymouth County,535308,5289
25025,Massachusetts,Suffolk County,768425,4932
25027,Massachusetts,Worcester County,866866,7661
26001,Michigan,Alcona County,10489,216
26003,Michigan,Alger County,8757,114
26005,Michigan,Allegan County,121939,1163
26007,Michigan,Alpena County,28904,447
26009,Michigan,Antrim County,24409,319
26011,Michigan,Arenac County,15145,247
26013,Michigan,Baraga County,8310,116
26015,Michigan,Barry County,63808,711
26017,Michigan,Bay County,102500,1409
26019,Michigan,Benzie County,18441,231
26021,Michigan,Berrien County,152261,1824
26023,Michigan,Branch County,45215,533
26025,Michigan,Calhoun County,133366,1670
26027,Michigan,Cass County,51642,601
26029,Michigan,Charlevoix County,26159,357
26031,Michigan,Cheboygan County,26048,417
26033,Michigan,Chippewa County,36264,445
26035,Michigan,Clare County,31316,518
26037,Michigan,Clinton County,79720,712
26039,Michigan,Crawford County,13538,220
26041,Michigan,Delta County,36790,528
26043,Michigan,Dickinson County,25982,341
26045,Michigan,Eaton County,108820,1212
26047,Michigan,Emmet County,34123,371
26049,Michigan,Genesee County,401522,4972
26051,Michigan,Gladwin County,25853,450
26053,Michigan,Gogebic County,14224,202
26055,Michigan,Grand Traverse County,96421,1017
26057,Michigan,Gratiot County,41368,496
26059,Michigan,Hillsdale County,45587,604
26061,Michigan,Houghton County,37599,353
26063,Michigan,Huron County,30927,492
26065,Michigan,Ingham County,284637,2556
26067,Michigan,Ionia County,66262,591
26069,Michigan,Iosco County,25373,468
26071,Michigan,Iron County,11740,192
26073,Michigan,Isabella County,64118,657
26075,Michigan,Jackson County,159424,1942
26077,Michigan,Kalamazoo County,262215,2412
26079,Michigan,Kalkaska County,18490,239
26081,Michigan,Kent County,661354,5154
26083,Michigan,Keweenaw County,2172,34
26085,Michigan,Lake County,12734,195
26087,Michigan,Lapeer County,88977,1095
26089,Michigan,Leelanau County,23019,291
26091,Michigan,Lenawee County,97520,1191
26093,Michigan,Livingston County,196757,1703
26095,Michigan,Luce County,6435,83
26097,Michigan,Mackinac County,10851,187
26099,Michigan,Macomb County,875101,9376
26101,Michigan,Manistee County,25562,357
26103,Michigan,Marquette County,66999,737
26105,Michigan,Mason County,29159,410
26107,Michigan,Mecosta County,41099,444
26109,Michigan,Menominee County,22945,313
26111,Michigan,Midland County,84039,858
26113,Michigan,Missaukee County,15311,199
26115,Michigan,Monroe County,155045,1740
26117,Michigan,Montcalm County,68154,750
26119,Michigan,Montmorency County,9678,200
26121,Michigan,Muskegon County,176564,1949
26123,Michigan,Newaygo County,51108,588
26125,Michigan,Oakland County,1270426,10964
26127,Michigan,Oceana County,26981,312
26129,Michigan,Ogemaw County,20990,371
26131,Michigan,Ontonagon County,5906,102
26133,Michigan,Osceola County,23330,273
26135,Michigan,Oscoda County,8545,164
26137,Michigan,Otsego County,25747,344
26139,Michigan,Ottawa County,303372,2281
26141,Michigan,Presque Isle County,13285,208
26143,Michigan,Roscommon County,23863,442
26145,Michigan,Saginaw County,187782,2354
26147,Michigan,St. Clair County,159874,2079
26149,Michigan,St. Joseph County,60878,734
26151,Michigan,Sanilac County,40368,595
26153,Michigan,Schoolcraft County,8149,129
26155,Michigan,Shiawassee County,68025,805
26157,Michigan,Tuscola County,52826,715
26159,Michigan,Van Buren County,75798,904
26161,Michigan,Washtenaw County,365536,2375
26163,Michigan,Wayne County,1751169,19095
26165,Michigan,Wexford County,34122,476
27001,Minnesota,Aitkin County,16102,243
27003,Minnesota,Anoka County,372441,2629
27005,Minnesota,Becker County,35283,411
27007,Minnesota,Beltrami County,46718,514
27009,Minnesota,Benton County,41600,401
27011,Minnesota,Big Stone County,5105,77
27013,Minnesota,Blue Earth County,70006,584
27015,Minnesota,Brown County,25628,340
27017,Minnesota,Carlton County,36825,462
27019,Minnesota,Carver County,111057,646
27021,Minnesota,Cass County,31446,432
27023,Minnesota,Chippewa County,12172,168
27025,Minnesota,Chisago County,58535,535
27027,Minnesota,Clay County,66258,543
27029,Minnesota,Clearwater County,8644,122
27031,Minnesota,Cook County,5639,47
27033,Minnesota,Cottonwood County,11319,165
27035,Minnesota,Crow Wing County,68304,780
27037,Minnesota,Dakota County,447440,3088
27039,Minnesota,Dodge County,21088,166
27041,Minnesota,Douglas County,39953,443
27043,Minnesota,Faribault County,13873,188
27045,Minnesota,Fillmore County,21522,246
27047,Minnesota,Freeborn County,30515,394
27049,Minnesota,Goodhue County,48035,552
27051,Minnesota,Grant County,6139,79
27053,Minnesota,Hennepin County,1258713,9452
27055,Minnesota,Houston County,18582,200
27057,Minnesota,Hubbard County,22132,244
27059,Minnesota,Isanti County,43182,435
27061,Minnesota,Itasca County,45365,659
27063,Minnesota,Jackson County,9919,106
27065,Minnesota,Kanabec County,16602,209
27067,Minnesota,Kandiyohi County,43813,438
27069,Minnesota,Kittson County,4060,61
27071,Minnesota,Koochiching County,11751,185
27073,Minnesota,Lac qui Parle County,6630,102
27075,Minnesota,Lake County,10855,171
27077,Minnesota,Lake of the Woods County,3778,50
27079,Minnesota,Le Sueur County,29255,284
27081,Minnesota,Lincoln County,5521,102
27083,Minnesota,Lyon County,25427,243
27085,Minnesota,McLeod County,36785,409
27087,Minnesota,Mahnomen County,5280,90
27089,Minnesota,Marshall County,8810,96
27091,Minnesota,Martin County,19657,301
27093,Minnesota,Meeker County,23490,243
27095,Minnesota,Mille Lacs County,27427,373
27097,Minnesota,Morrison County,34250,409
27099,Minnesota,Mower County,40058,441
27101,Minnesota,Murray County,8049,109
27103,Minnesota,Nicollet County,34242,293
27105,Minnesota,Nobles County,21727,183
27107,Minnesota,Norman County,6329,86
27109,Minnesota,Olmsted County,164784,1237
27111,Minnesota,Otter Tail County,60626,755
27113,Minnesota,Pennington County,13714,152
27115,Minnesota,Pine County,30197,386
27117,Minnesota,Pipestone County,9245,133
27119,Minnesota,Polk County,30412,373
27121,Minnesota,Pope County,11400,147
27123,Minnesota,Ramsey County,536075,4716
27125,Minnesota,Red Lake County,3911,43
27127,Minnesota,Redwood County,15288,183
27129,Minnesota,Renville County,14348,203
27131,Minnesota,Rice County,67948,602
27133,Minnesota,Rock County,9551,121
27135,Minnesota,Roseau County,15252,170
27137,Minnesota,St. Louis County,200514,2249
27139,Minnesota,Scott County,155814,888
27141,Minnesota,Sherburne County,102206,697
27143,Minnesota,Sibley County,15084,167
27145,Minnesota,Stearns County,160977,1229
27147,Minnesota,Steele County,37421,382
27149,Minnesota,Stevens County,9728,74
27151,Minnesota,Swift County,9719,93
27153,Minnesota,Todd County,25667,252
27155,Minnesota,Traverse County,3136,62
27157,Minnesota,Wabasha County,21683,218
27159,Minnesota,Wadena County,14241,220
27161,Minnesota,Waseca County,18981,188
27163,Minnesota,Washington County,278936,1930
27165,Minnesota,Watonwan County,11077,129
27167,Minnesota,Wilkin County,6306,89
27169,Minnesota,Winona County,49721,431
27171,Minnesota,Wright County,151150,1058
27173,Minnesota,Yellow Medicine County,9467,105
28001,Mississippi,Adams County,28746,416
28003,Mississippi,Alcorn County,34135,471
28005,Mississippi,Amite County,12442,218
28007,Mississippi,Attala County,17359,281
28009,Mississippi,Benton County,7438,125
28011,Mississippi,Bolivar County,28968,441
28013,Mississippi,Calhoun County,12685,220
28015,Mississippi,Carroll County,9535,147
28017,Mississippi,Chickasaw County,16866,236
28019,Mississippi,Choctaw County,8088,109
28021,Mississippi,Claiborne County,8617,119
28023,Mississippi,Clarke County,15228,238
28025,Mississippi,Clay County,18206,269
28027,Mississippi,Coahoma County,20077,335
28029,Mississippi,Copiah County,27664,368
28031,Mississippi,Covington County,18059,276
28033,Mississippi,DeSoto County,193247,1712
28035,Mississippi,Forrest County,78208,883
28037,Mississippi,Franklin County,7610,134
28039,Mississippi,George County,25619,343
28041,Mississippi,Greene County,13601,137
28043,Mississippi,Grenada County,21065,310
28045,Mississippi,Hancock County,46159,564
28047,Mississippi,Harrison County,210612,2308
28049,Mississippi,Hinds County,214870,2302
28051,Mississippi,Holmes County,15777,279
28053,Mississippi,Humphreys County,7216,138
28055,Mississippi,Issaquena County,1256,13
28057,Mississippi,Itawamba County,24093,317
28059,Mississippi,Jackson County,146389,1506
28061,Mississippi,Jasper County,16013,295
28063,Mississippi,Jefferson County,6941,101
28065,Mississippi,Jefferson Davis County,10969,186
28067,Mississippi,Jones County,66250,895
28069,Mississippi,Kemper County,8584,126
28071,Mississippi,Lafayette County,58467,479
28073,Mississippi,Lamar County,66217,523
28075,Mississippi,Lauderdale County,70527,919
28077,Mississippi,Lawrence County,11741,188
28079,Mississippi,Leake County,21258,301
28081,Mississippi,Lee County,82799,1019
28083,Mississippi,Leflore County,26378,398
28085,Mississippi,Lincoln County,34702,489
28087,Mississippi,Lowndes County,57283,680
28089,Mississippi,Madison County,112511,1018
28091,Mississippi,Marion County,24224,363
28093,Mississippi,Marshall County,34123,536
28095,Mississippi,Monroe County,33609,501
28097,Mississippi,Montgomery County,9600,155
28099,Mississippi,Neshoba County,28789,417
28101,Mississippi,Newton County,21019,294
28103,Mississippi,Noxubee County,9914,143
28105,Mississippi,Oktibbeha County,51203,393
28107,Mississippi,Panola County,32669,453
28109,Mississippi,Pearl River County,57978,778
28111,Mississippi,Perry County,11315,196
28113,Mississippi,Pike County,39394,576
28115,Mississippi,Pontotoc County,31535,414
28117,Mississippi,Prentiss County,25135,336
28119,Mississippi,Quitman County,5546,127
28121,Mississippi,Rankin County,160417,1341
28123,Mississippi,Scott County,27507,356
28125,Mississippi,Sharkey County,3336,78
28127,Mississippi,Simpson County,25715,361
28129,Mississippi,Smith County,14099,203
28131,Mississippi,Stone County,18756,251
28133,Mississippi,Sunflower County,24468,359
28135,Mississippi,Tallahatchie County,11837,189
28137,Mississippi,Tate County,28261,389
28139,Mississippi,Tippah County,21287,306
28141,Mississippi,Tishomingo County,18507,350
28143,Mississippi,Tunica County,9234,159
28145,Mississippi,Union County,28284,355
28147,Mississippi,Walthall County,13863,223
28149,Mississippi,Warren County,42298,582
28151,Mississippi,Washington County,41946,631
28153,Mississippi,Wayne County,19703,278
28155,Mississippi,Webster County,9988,189
28157,Mississippi,Wilkinson County,8058,117
28159,Mississippi,Winston County,17416,277
28161,Mississippi,Yalobusha County,12386,189
28163,Mississippi,Yazoo County,25796,335
29001,Missouri,Adair County,25122,256
29003,Missouri,Andrew County,18127,183
29005,Missouri,Atchison County,5107,93
29007,Missouri,Audrain County,24394,331
29009,Missouri,Barry County,35265,488
29011,Missouri,Barton County,11731,166
29013,Missouri,Bates County,16242,242
29015,Missouri,Benton County,20552,362
29017,Missouri,Bollinger County,10544,158
29019,Missouri,Boone County,189463,1339
29021,Missouri,Buchanan County,82956,1018
29023,Missouri,Butler County,41948,661
29025,Missouri,Caldwell County,8955,131
29027,Missouri,Callaway County,44731,487
29029,Missouri,Camden County,44044,588
29031,Missouri,Cape Girardeau County,82984,871
29033,Missouri,Carroll County,8391,114
29035,Missouri,Carter County,5303,89
29037,Missouri,Cass County,111732,1170
29039,Missouri,Cedar County,14672,226
29041,Missouri,Chariton County,7399,119
29043,Missouri,Christian County,94422,867
29045,Missouri,Clark County,6641,94
29047,Missouri,Clay County,259772,2072
29049,Missouri,Clinton County,21548,254
29051,Missouri,Cole County,77278,752
29053,Missouri,Cooper County,16947,210
29055,Missouri,Crawford County,22719,377
29057,Missouri,Dade County,7716,125
29059,Missouri,Dallas County,17768,255
29061,Missouri,Daviess County,8551,104
29063,Missouri,DeKalb County,9899,134
29065,Missouri,Dent County,14647,257
29067,Missouri,Douglas County,12228,211
29069,Missouri,Dunklin County,27032,480
29071,Missouri,Franklin County,106404,1245
29073,Missouri,Gasconade County,14705,234
29075,Missouri,Gentry County,6287,94
29077,Missouri,Greene County,304611,3247
29079,Missouri,Grundy County,9815,154
29081,Missouri,Harrison County,8220,112
29083,Missouri,Henry County,22485,343
29085,Missouri,Hickory County,8718,188
29087,Missouri,Holt County,4248,76
29089,Missouri,Howard County,10101,127
29091,Missouri,Howell County,40735,624
29093,Missouri,Iron County,9440,186
29095,Missouri,Jackson County,718560,7078
29097,Missouri,Jasper County,125056,1428
29099,Missouri,Jefferson County,231230,2327
29101,Missouri,Johnson County,54962,494
29103,Missouri,Knox County,3723,62
29105,Missouri,Laclede County,36680,494
29107,Missouri,Lafayette County,33196,436
29109,Missouri,Lawrence County,38872,527
29111,Missouri,Lewis County,9818,144
29113,Missouri,Lincoln County,64699,592
29115,Missouri,Linn County,11791,175
29117,Missouri,Livingston County,14557,212
29119,Missouri,McDonald County,23903,299
29121,Missouri,Macon County,15161,213
29123,Missouri,Madison County,12698,208
29125,Missouri,Maries County,8430,133
29127,Missouri,Marion County,28336,387
29129,Missouri,Mercer County,3469,50
29131,Missouri,Miller County,25590,320
29133,Missouri,Mississippi County,11822,214
29135,Missouri,Moniteau County,15256,179
29137,Missouri,Monroe County,8698,123
29139,Missouri,Montgomery County,11459,188
29141,Missouri,Morgan County,21970,322
29143,Missouri,New Madrid County,15424,296
29145,Missouri,Newton County,60677,753
29147,Missouri,Nodaway County,20695,179
29149,Missouri,Oregon County,8720,184
29151,Missouri,Osage County,13468,154
29153,Missouri,Ozark County,8970,161
29155,Missouri,Pemiscot County,14613,285
29157,Missouri,Perry County,18950,221
29159,Missouri,Pettis County,43530,504
29161,Missouri,Phelps County,45284,541
29163,Missouri,Pike County,17935,217
29165,Missouri,Platte County,111940,866
29167,Missouri,Polk County,32780,409
29169,Missouri,Pulaski County,53812,418
29171,Missouri,Putnam County,4638,85
29173,Missouri,Ralls County,10489,134
29175,Missouri,Randolph County,24109,326
29177,Missouri,Ray County,23182,338
29179,Missouri,Reynolds County,5950,103
29181,Missouri,Ripley County,10806,220
29183,Missouri,St. Charles County,416659,3353
29185,Missouri,St. Clair County,9752,152
29186,Missouri,Ste. Genevieve County,18642,227
29187,Missouri,St. Francois County,67058,903
29189,Missouri,St. Louis County,987059,10364
29195,Missouri,Saline County,23049,294
29197,Missouri,Schuyler County,4053,59
29199,Missouri,Scotland County,4676,59
29201,Missouri,Scott County,37889,526
29203,Missouri,Shannon County,7238,124
29205,Missouri,Shelby County,5931,92
29207,Missouri,Stoddard County,28397,447
29209,Missouri,Stone County,32658,465
29211,Missouri,Sullivan County,5797,81
29213,Missouri,Taney County,56775,721
29215,Missouri,Texas County,25619,388
29217,Missouri,Vernon County,19710,322
29219,Missouri,Warren County,37806,422
29221,Missouri,Washington County,23534,366
29223,Missouri,Wayne County,10811,216
29225,Missouri,Webster County,41472,464
29227,Missouri,Worth County,1907,41
29229,Missouri,Wright County,19403,291
29510,Missouri,St. Louis city,281754,3099
30001,Montana,Beaverhead County,9885,116
30003,Montana,Big Horn County,12751,160
30005,Montana,Blaine County,6899,69
30007,Montana,Broadwater County,8032,87
30009,Montana,Carbon County,11419,105
30011,Montana,Carter County,1418,12
30013,Montana,Cascade County,84900,886
30015,Montana,Chouteau County,5847,66
30017,Montana,Custer County,11985,147
30019,Montana,Daniels County,1633,20
30021,Montana,Dawson County,8810,128
30023,Montana,Deer Lodge County,9673,123
30025,Montana,Fallon County,2994,33
30027,Montana,Fergus County,11772,163
30029,Montana,Flathead County,113679,1092
30031,Montana,Gallatin County,126409,606
30033,Montana,Garfield County,1211,18
30035,Montana,Glacier County,13609,171
30037,Montana,Golden Valley County,835,17
30039,Montana,Granite County,3595,37
30041,Montana,Hill County,16276,177
30043,Montana,Jefferson County,13048,161
30045,Montana,Judith Basin County,2093,20
30047,Montana,Lake County,33338,345
30049,Montana,Lewis and Clark County,75011,689
30051,Montana,Liberty County,1974,15
30053,Montana,Lincoln County,21895,308
30055,Montana,McCone County,1676,24
30057,Montana,Madison County,9521,103
30059,Montana,Meagher County,2071,18
30061,Montana,Mineral County,5090,78
30063,Montana,Missoula County,121849,940
30065,Montana,Musselshell County,5308,90
30067,Montana,Park County,17903,199
30069,Montana,Petroleum County,554,8
30071,Montana,Phillips County,4249,55
30073,Montana,Pondera County,6125,60
30075,Montana,Powder River County,1743,22
30077,Montana,Powell County,7133,81
30079,Montana,Prairie County,1112,12
30081,Montana,Ravalli County,47738,581
30083,Montana,Richland County,11173,120
30085,Montana,Roosevelt County,10319,185
30087,Montana,Rosebud County,8160,115
30089,Montana,Sanders County,13684,209
30091,Montana,Sheridan County,3498,58
30093,Montana,Silver Bow County,36360,496
30095,Montana,Stillwater County,9173,127
30097,Montana,Sweet Grass County,3763,40
30099,Montana,Teton County,6430,87
30101,Montana,Toole County,5133,67
30103,Montana,Treasure County,772,9
30105,Montana,Valley County,7474,89
30107,Montana,Wheatland County,2057,33
30109,Montana,Wibaux County,910,21
30111,Montana,Yellowstone County,170843,1679
31001,Nebraska,Adams County,30899,370
31003,Nebraska,Antelope County,6302,72
31005,Nebraska,Arthur County,412,5
31007,Nebraska,Banner County,674,6
31009,Nebraska,Blaine County,436,8
31011,Nebraska,Boone County,5310,79
31013,Nebraska,Box Butte County,10692,136
31015,Nebraska,Boyd County,1725,39
31017,Nebraska,Brown County,2853,41
31019,Nebraska,Buffalo County,50697,428
31021,Nebraska,Burt County,6727,88
31023,Nebraska,Butler County,8459,105
31025,Nebraska,Cass County,27446,259
31027,Nebraska,Cedar County,8262,102
31029,Nebraska,Chase County,3724,59
31031,Nebraska,Cherry County,5492,56
31033,Nebraska,Cheyenne County,9541,129
31035,Nebraska,Clay County,6116,81
31037,Nebraska,Colfax County,10566,66
31039,Nebraska,Cuming County,8918,113
31041,Nebraska,Custer County,10581,132
31043,Nebraska,Dakota County,21268,180
31045,Nebraska,Dawes County,8133,105
31047,Nebraska,Dawson County,24085,241
31049,Nebraska,Deuel County,1871,23
31051,Nebraska,Dixon County,5491,63
31053,Nebraska,Dodge County,37187,448
31055,Nebraska,Douglas County,589540,4562
31057,Nebraska,Dundy County,1561,15
31059,Nebraska,Fillmore County,5548,87
31061,Nebraska,Franklin County,2825,49
31063,Nebraska,Frontier County,2585,32
31065,Nebraska,Furnas County,4556,57
31067,Nebraska,Gage County,21634,337
31069,Nebraska,Garden County,1794,36
31071,Nebraska,Garfield County,1763,40
31073,Nebraska,Gosper County,1847,25
31075,Nebraska,Grant County,565,2
31077,Nebraska,Greeley County,2219,25
31079,Nebraska,Hall County,62197,603
31081,Nebraska,Hamilton County,9537,108
31083,Nebraska,Harlan County,3045,56
31085,Nebraska,Hayes County,846,8
31087,Nebraska,Hitchcock County,2552,45
31089,Nebraska,Holt County,10093,123
31091,Nebraska,Hooker County,679,11
31093,Nebraska,Howard County,6527,89
31095,Nebraska,Jefferson County,7054,124
31097,Nebraska,Johnson County,5198,67
31099,Nebraska,Kearney County,6770,73
31101,Nebraska,Keith County,8113,130
31103,Nebraska,Keya Paha County,805,6
31105,Nebraska,Kimball County,3289,49
31107,Nebraska,Knox County,8298,120
31109,Nebraska,Lancaster County,326716,2529
31111,Nebraska,Lincoln County,33365,481
31113,Nebraska,Logan County,655,4
31115,Nebraska,Loup County,592,5
31117,Nebraska,McPherson County,383,0
31119,Nebraska,Madison County,35627,368
31121,Nebraska,Merrick County,7755,98
31123,Nebraska,Morrill County,4504,74
31125,Nebraska,Nance County,3274,57
31127,Nebraska,Nemaha County,7076,95
31129,Nebraska,Nuckolls County,4095,57
31131,Nebraska,Otoe County,16335,200
31133,Nebraska,Pawnee County,2512,43
31135,Nebraska,Perkins County,2795,38
31137,Nebraska,Phelps County,9057,114
31139,Nebraska,Pierce County,7299,77
31141,Nebraska,Platte County,34609,306
31143,Nebraska,Polk County,5228,76
31145,Nebraska,Red Willow County,10457,163
31147,Nebraska,Richardson County,7689,121
31149,Nebraska,Rock County,1271,25
31151,Nebraska,Saline County,14555,134
31153,Nebraska,Sarpy County,199886,1278
31155,Nebraska,Saunders County,23463,241
31157,Nebraska,Scotts Bluff County,35699,434
31159,Nebraska,Seward County,17671,191
31161,Nebraska,Sheridan County,4928,71
31163,Nebraska,Sherman County,2983,39
31165,Nebraska,Sioux County,1154,13
31167,Nebraska,Stanton County,5856,46
31169,Nebraska,Thayer County,4829,88
31171,Nebraska,Thomas County,677,11
31173,Nebraska,Thurston County,6557,109
31175,Nebraska,Valley County,4012,57
31177,Nebraska,Washington County,21152,211
31179,Nebraska,Wayne County,9874,72
31181,Nebraska,Webster County,3351,64
31183,Nebraska,Wheeler County,775,8
31185,Nebraska,York County,14356,185
32001,Nevada,Churchill County,25803,376
32003,Nevada,Clark County,2336573,20042
32005,Nevada,Douglas County,49545,613
32007,Nevada,Elko County,54293,495
32009,Nevada,Esmeralda County,736,12
32011,Nevada,Eureka County,1917,28
32013,Nevada,Humboldt County,17136,202
32015,Nevada,Lander County,5769,74
32017,Nevada,Lincoln County,4452,69
32019,Nevada,Lyon County,62583,835
32021,Nevada,Mineral County,4528,88
32023,Nevada,Nye County,55720,991
32027,Nevada,Pershing County,6364,90
32029,Nevada,Storey County,4177,49
32031,Nevada,Washoe County,498022,4333
32033,Nevada,White Pine County,8522,111
32510,Nevada,Carson City,58036,914
33001,New Hampshire,Belknap County,65027,831
33003,New Hampshire,Carroll County,52448,658
33005,New Hampshire,Cheshire County,77703,883
33007,New Hampshire,Coos County,31372,569
33009,New Hampshire,Grafton County,93146,978
33011,New Hampshire,Hillsborough County,427354,3952
33013,New Hampshire,Merrimack County,157103,1603
33015,New Hampshire,Rockingham County,320689,2945
33017,New Hampshire,Strafford County,133243,1309
33019,New Hampshire,Sullivan County,43969,536
34001,New Jersey,Atlantic County,275213,2998
34003,New Jersey,Bergen County,957736,6960
34005,New Jersey,Burlington County,469167,4254
34007,New Jersey,Camden County,527196,5011
34009,New Jersey,Cape May County,94610,1383
34011,New Jersey,Cumberland County,152326,1717
34013,New Jersey,Essex County,851117,6183
34015,New Jersey,Gloucester County,308423,2884
34017,New Jersey,Hudson County,705472,3986
34019,New Jersey,Hunterdon County,130183,1004
34021,New Jersey,Mercer County,381671,3145
34023,New Jersey,Middlesex County,863623,6134
34025,New Jersey,Monmouth County,642799,5769
34027,New Jersey,Morris County,514423,3951
34029,New Jersey,Ocean County,659197,7528
34031,New Jersey,Passaic County,513395,3852
34033,New Jersey,Salem County,65338,808
34035,New Jersey,Somerset County,348842,2494
34037,New Jersey,Sussex County,146132,1358
34039,New Jersey,Union County,572726,4013
34041,New Jersey,Warren County,111252,1131
35001,New Mexico,Bernalillo County,671586,6250
35003,New Mexico,Catron County,3825,73
35005,New Mexico,Chaves County,63561,764
35006,New Mexico,Cibola County,26780,368
35007,New Mexico,Colfax County,12255,175
35009,New Mexico,Curry County,47222,531
35011,New Mexico,De Baca County,1657,39
35013,New Mexico,Doña Ana County,225210,2008
35015,New Mexico,Eddy County,60275,726
35017,New Mexico,Grant County,27472,405
35019,New Mexico,Guadalupe County,4292,59
35021,New Mexico,Harding County,624,15
35023,New Mexico,Hidalgo County,3965,61
35025,New Mexico,Lea County,72101,688
35027,New Mexico,Lincoln County,20029,306
35028,New Mexico,Los Alamos County,19444,135
35029,New Mexico,Luna County,25316,403
35031,New Mexico,McKinley County,68797,905
35033,New Mexico,Mora County,4123,56
35035,New Mexico,Otero County,68835,774
35037,New Mexico,Quay County,8510,164
35039,New Mexico,Rio Arriba County,39876,535
35041,New Mexico,Roosevelt County,18787,208
35043,New Mexico,Sandoval County,155936,1378
35045,New Mexico,San Juan County,120675,1490
35047,New Mexico,San Miguel County,26668,371
35049,New Mexico,Santa Fe County,155956,1418
35051,New Mexico,Sierra County,11488,269
35053,New Mexico,Socorro County,15963,212
35055,New Mexico,Taos County,34405,394
35057,New Mexico,Torrance County,15633,238
35059,New Mexico,Union County,3964,59
35061,New Mexico,Valencia County,79141,867
36001,New York,Albany County,316659,2943
36003,New York,Allegany County,46651,540
36005,New York,Bronx County,1356476,10648
36007,New York,Broome County,196077,2326
36009,New York,Cattaraugus County,75600,1102
36011,New York,Cayuga County,74485,877
36013,New York,Chautauqua County,124891,1765
36015,New York,Chemung County,81325,1073
36017,New York,Chenango County,45920,650
36019,New York,Clinton County,78115,813
36021,New York,Columbia County,60470,721
36023,New York,Cortland County,45752,536
36025,New York,Delaware County,44410,634
36027,New York,Dutchess County,297150,2896
36029,New York,Erie County,946147,9885
36031,New York,Essex County,36775,467
36033,New York,Franklin County,46502,540
36035,New York,Fulton County,52234,757
36037,New York,Genesee County,57529,691
36039,New York,Greene County,47062,617
36041,New York,Hamilton County,5082,78
36043,New York,Herkimer County,59484,776
36045,New York,Jefferson County,114787,1023
36047,New York,Kings County,2561225,16892
36049,New York,Lewis County,26548,299
36051,New York,Livingston County,61158,642
36053,New York,Madison County,66921,684
36055,New York,Monroe County,748482,7332
36057,New York,Montgomery County,49368,704
36059,New York,Nassau County,1381715,10994
36061,New York,New York County,1597451,10288
36063,New York,Niagara County,209457,2746
36065,New York,Oneida County,227555,2788
36067,New York,Onondaga County,467873,4744
36069,New York,Ontario County,112494,1118
36071,New York,Orange County,407470,2933
36073,New York,Orleans County,39124,465
36075,New York,Oswego County,118162,1242
36077,New York,Otsego County,60126,691
36079,New York,Putnam County,98060,723
36081,New York,Queens County,2252196,15544
36083,New York,Rensselaer County,159305,1674
36085,New York,Richmond County,490687,4046
36087,New York,Rockland County,340807,2311
36089,New York,St. Lawrence County,106940,1193
36091,New York,Saratoga County,238711,2177
36093,New York,Schenectady County,159902,1730
36095,New York,Schoharie County,30105,350
36097,New York,Schuyler County,17507,258
36099,New York,Seneca County,32349,397
36101,New York,Steuben County,92162,1185
36103,New York,Suffolk County,1523170,12881
36105,New York,Sullivan County,79920,850
36107,New York,Tioga County,47715,531
36109,New York,Tompkins County,103558,718
36111,New York,Ulster County,182333,1894
36113,New York,Warren County,65380,823
36115,New York,Washington County,60047,738
36117,New York,Wayne County,90829,984
36119,New York,Westchester County,990817,7313
36121,New York,Wyoming County,39532,403
36123,New York,Yates County,24472,271
37001,North Carolina,Alamance County,179165,1926
37003,North Carolina,Alexander County,36473,502
37005,North Carolina,Alleghany County,11342,167
37007,North Carolina,Anson County,21897,367
37009,North Carolina,Ashe County,27063,434
37011,North Carolina,Avery County,17561,239
37013,North Carolina,Beaufort County,44481,683
37015,North Carolina,Bertie County,16922,304
37017,North Carolina,Bladen County,29484,507
37019,North Carolina,Brunswick County,159964,1921
37021,North Carolina,Buncombe County,275901,2901
37023,North Carolina,Burke County,88338,1227
37025,North Carolina,Cabarrus County,240016,1893
37027,North Carolina,Caldwell County,80574,1228
37029,North Carolina,Camden County,11137,111
37031,North Carolina,Carteret County,69615,990
37033,North Carolina,Caswell County,22807,355
37035,North Carolina,Catawba County,164645,2019
37037,North Carolina,Chatham County,81624,828
37039,North Carolina,Cherokee County,29959,481
37041,North Carolina,Chowan County,13891,240
37043,North Carolina,Clay County,11864,169
37045,North Carolina,Cleveland County,101378,1427
37047,North Carolina,Columbus County,50121,823
37049,North Carolina,Craven County,102391,1287
37051,North Carolina,Cumberland County,337890,3231
37053,North Carolina,Currituck County,31593,288
37055,North Carolina,Dare County,38110,395
37057,North Carolina,Davidson County,174804,2174
37059,North Carolina,Davie County,44599,569
37061,North Carolina,Duplin County,49520,656
37063,North Carolina,Durham County,336892,2280
37065,North Carolina,Edgecombe County,48832,716
37067,North Carolina,Forsyth County,392921,3955
37069,North Carolina,Franklin County,77001,735
37071,North Carolina,Gaston County,237242,2822
37073,North Carolina,Gates County,10343,159
37075,North Carolina,Graham County,8052,115
37077,North Carolina,Granville County,62192,689
37079,North Carolina,Greene County,20530,235
37081,North Carolina,Guilford County,549866,5185
37083,North Carolina,Halifax County,47298,785
37085,North Carolina,Harnett County,141477,1299
37087,North Carolina,Haywood County,62969,964
37089,North Carolina,Henderson County,119230,1552
37091,North Carolina,Hertford County,19453,307
37093,North Carolina,Hoke County,54446,479
37095,North Carolina,Hyde County,4607,54
37097,North Carolina,Iredell County,199710,1908
37099,North Carolina,Jackson County,44574,428
37101,North Carolina,Johnston County,241955,1923
37103,North Carolina,Jones County,9401,164
37105,North Carolina,Lee County,67059,751
37107,North Carolina,Lenoir County,54895,897
37109,North Carolina,Lincoln County,95675,989
37111,North Carolina,McDowell County,44893,653
37113,North Carolina,Macon County,38412,606
37115,North Carolina,Madison County,22071,295
37117,North Carolina,Martin County,21447,397
37119,North Carolina,Mecklenburg County,1163701,7093
37121,North Carolina,Mitchell County,14999,269
37123,North Carolina,Montgomery County,26085,381
37125,North Carolina,Moore County,106898,1345
37127,North Carolina,Nash County,96551,1174
37129,North Carolina,New Hanover County,238852,2266
37131,North Carolina,Northampton County,16715,319
37133,North Carolina,Onslow County,213676,1563
37135,North Carolina,Orange County,150626,922
37137,North Carolina,Pamlico County,12423,212
37139,North Carolina,Pasquotank County,41444,489
37141,North Carolina,Pender County,68521,732
37143,North Carolina,Perquimans County,13377,199
37145,North Carolina,Person County,39737,518
37147,North Carolina,Pitt County,175119,1614
37149,North Carolina,Polk County,20060,332
37151,North Carolina,Randolph County,147458,1860
37153,North Carolina,Richmond County,42324,685
37155,North Carolina,Robeson County,117365,1702
37157,North Carolina,Rockingham County,92518,1387
37159,North Carolina,Rowan County,151661,1941
37161,North Carolina,Rutherford County,65507,1016
37163,North Carolina,Sampson County,59601,826
37165,North Carolina,Scotland County,34376,515
37167,North Carolina,Stanly County,65699,844
37169,North Carolina,Stokes County,45532,675
37171,North Carolina,Surry County,71462,1053
37173,North Carolina,Swain County,13916,254
37175,North Carolina,Transylvania County,33549,483
37177,North Carolina,Tyrrell County,3461,49
37179,North Carolina,Union County,256452,1806
37181,North Carolina,Vance County,42301,631
37183,North Carolina,Wake County,1190275,6484
37185,North Carolina,Warren County,18836,303
37187,North Carolina,Washington County,10713,194
37189,North Carolina,Watauga County,54748,446
37191,North Carolina,Wayne County,118686,1352
37193,North Carolina,Wilkes County,66013,973
37195,North Carolina,Wilson County,78970,1074
37197,North Carolina,Yadkin County,37774,527
37199,North Carolina,Yancey County,18938,299
38001,North Dakota,Adams County,2163,28
38003,North Dakota,Barnes County,10726,144
38005,North Dakota,Benson County,5745,89
38007,North Dakota,Billings County,1034,7
38009,North Dakota,Bottineau County,6349,69
38011,North Dakota,Bowman County,2867,35
38013,North Dakota,Burke County,2134,21
38015,North Dakota,Burleigh County,100012,820
38017,North Dakota,Cass County,196362,1273
38019,North Dakota,Cavalier County,3596,47
38021,North Dakota,Dickey County,4900,71
38023,North Dakota,Divide County,2135,30
38025,North Dakota,Dunn County,4019,41
38027,North Dakota,Eddy County,2263,47
38029,North Dakota,Emmons County,3224,48
38031,North Dakota,Foster County,3309,43
38033,North Dakota,Golden Valley County,1743,19
38035,North Dakota,Grand Forks County,72708,546
38037,North Dakota,Grant County,2215,43
38039,North Dakota,Griggs County,2248,29
38041,North Dakota,Hettinger County,2415,27
38043,North Dakota,Kidder County,2342,28
38045,North Dakota,LaMoure County,4096,44
38047,North Dakota,Logan County,1869,26
38049,North Dakota,McHenry County,5131,72
38051,North Dakota,McIntosh County,2488,48
38053,North Dakota,McKenzie County,14252,90
38055,North Dakota,McLean County,9832,109
38057,North Dakota,Mercer County,8309,97
38059,North Dakota,Morton County,33895,345
38061,North Dakota,Mountrail County,9383,95
38063,North Dakota,Nelson County,2991,45
38065,North Dakota,Oliver County,1879,9
38067,North Dakota,Pembina County,6661,88
38069,North Dakota,Pierce County,3902,62
38071,North Dakota,Ramsey County,11463,143
38073,North Dakota,Ransom County,5603,72
38075,North Dakota,Renville County,2279,30
38077,North Dakota,Richland County,16558,138
38079,North Dakota,Rolette County,11728,189
38081,North Dakota,Sargent County,3776,47
38083,North Dakota,Sheridan County,1266,19
38085,North Dakota,Sioux County,3643,61
38087,North Dakota,Slope County,674,4
38089,North Dakota,Stark County,33001,273
38091,North Dakota,Steele County,1782,19
38093,North Dakota,Stutsman County,21392,235
38095,North Dakota,Towner County,2030,26
38097,North Dakota,Traill County,7908,92
38099,North Dakota,Walsh County,10305,126
38101,North Dakota,Ward County,68332,531
38103,North Dakota,Wells County,3876,60
38105,North Dakota,Williams County,39113,245
39001,Ohio,Adams County,27521,427
39003,Ohio,Allen County,100838,1236
39005,Ohio,Ashland County,52190,691
39007,Ohio,Ashtabula County,96845,1328
39009,Ohio,Athens County,62706,607
39011,Ohio,Auglaize County,46050,548
39013,Ohio,Belmont County,64918,940
39015,Ohio,Brown County,43777,600
39017,Ohio,Butler County,393043,3737
39019,Ohio,Carroll County,26758,385
39021,Ohio,Champaign County,38845,476
39023,Ohio,Clark County,134610,1933
39025,Ohio,Clermont County,211972,2154
39027,Ohio,Clinton County,41938,556
39029,Ohio,Columbiana County,100182,1415
39031,Ohio,Coshocton County,36869,476
39033,Ohio,Crawford County,41529,630
39035,Ohio,Cuyahoga County,1233088,13916
39037,Ohio,Darke County,51415,664
39039,Ohio,Defiance County,38315,457
39041,Ohio,Delaware County,231636,1420
39043,Ohio,Erie County,74035,993
39045,Ohio,Fairfield County,165360,1605
39047,Ohio,Fayette County,28817,416
39049,Ohio,Franklin County,1326063,10554
39051,Ohio,Fulton County,42007,509
39053,Ohio,Gallia County,28986,430
39055,Ohio,Geauga County,95407,962
39057,Ohio,Greene County,169691,1652
39059,Ohio,Guernsey County,38089,595
39061,Ohio,Hamilton County,827058,8060
39063,Ohio,Hancock County,74704,851
39065,Ohio,Hardin County,30368,428
39067,Ohio,Harrison County,14159,250
39069,Ohio,Henry County,27520,348
39071,Ohio,Highland County,43614,600
39073,Ohio,Hocking County,27540,402
39075,Ohio,Holmes County,44386,366
39077,Ohio,Huron County,58199,710
39079,Ohio,Jackson County,32606,471
39081,Ohio,Jefferson County,64026,1042
39083,Ohio,Knox County,63320,717
39085,Ohio,Lake County,231640,2758
39087,Ohio,Lawrence County,56118,962
39089,Ohio,Licking County,183201,1900
39091,Ohio,Logan County,46057,537
39093,Ohio,Lorain County,317910,3558
39095,Ohio,Lucas County,425484,4811
39097,Ohio,Madison County,44602,474
39099,Ohio,Mahoning County,225596,3197
39101,Ohio,Marion County,64851,845
39103,Ohio,Medina County,184042,1761
39105,Ohio,Meigs County,21767,374
39107,Ohio,Mercer County,42439,437
39109,Ohio,Miami County,110876,1280
39111,Ohio,Monroe County,13153,220
39113,Ohio,Montgomery County,533796,6581
39115,Ohio,Morgan County,13646,231
39117,Ohio,Morrow County,35595,392
39119,Ohio,Muskingum County,86305,1045
39121,Ohio,Noble County,14311,149
39123,Ohio,Ottawa County,39803,573
39125,Ohio,Paulding County,18706,224
39127,Ohio,Perry County,35551,430
39129,Ohio,Pickaway County,61086,701
39131,Ohio,Pike County,27001,436
39133,Ohio,Portage County,162665,1720
39135,Ohio,Preble County,40556,534
39137,Ohio,Putnam County,34199,370
39139,Ohio,Richland County,125064,1638
39141,Ohio,Ross County,76501,1068
39143,Ohio,Sandusky County,58709,762
39145,Ohio,Scioto County,71969,1152
39147,Ohio,Seneca County,54527,669
39149,Ohio,Shelby County,47765,546
39151,Ohio,Stark County,372716,4637
39153,Ohio,Summit County,535733,6346
39155,Ohio,Trumbull County,200373,2854
39157,Ohio,Tuscarawas County,91874,1206
39159,Ohio,Union County,69637,497
39161,Ohio,Van Wert County,28704,361
39163,Ohio,Vinton County,12474,220
39165,Ohio,Warren County,252148,2078
39167,Ohio,Washington County,58577,849
39169,Ohio,Wayne County,116510,1346
39171,Ohio,Williams County,36591,471
39173,Ohio,Wood County,132650,1232
39175,Ohio,Wyandot County,21457,299
40001,Oklahoma,Adair County,19627,319
40003,Oklahoma,Alfalfa County,5673,47
40005,Oklahoma,Atoka County,14525,177
40007,Oklahoma,Beaver County,5018,57
40009,Oklahoma,Beckham County,22042,285
40011,Oklahoma,Blaine County,8539,147
40013,Oklahoma,Bryan County,48967,644
40015,Oklahoma,Caddo County,26214,419
40017,Oklahoma,Canadian County,175829,1185
40019,Oklahoma,Carter County,48596,747
40021,Oklahoma,Cherokee County,48185,588
40023,Oklahoma,Choctaw County,14276,290
40025,Oklahoma,Cimarron County,2191,31
40027,Oklahoma,Cleveland County,301193,2227
40029,Oklahoma,Coal County,5266,94
40031,Oklahoma,Comanche County,121574,1286
40033,Oklahoma,Cotton County,5427,104
40035,Oklahoma,Craig County,14494,216
40037,Oklahoma,Creek County,73332,945
40039,Oklahoma,Custer County,28266,328
40041,Oklahoma,Delaware County,41703,705
40043,Oklahoma,Dewey County,4286,80
40045,Oklahoma,Ellis County,3648,50
40047,Oklahoma,Garfield County,62023,781
40049,Oklahoma,Garvin County,25865,426
40051,Oklahoma,Grady County,57375,650
40053,Oklahoma,Grant County,4083,70
40055,Oklahoma,Greer County,5466,93
40057,Oklahoma,Harmon County,2392,47
40059,Oklahoma,Harper County,3190,38
40061,Oklahoma,Haskell County,11832,189
40063,Oklahoma,Hughes County,13436,222
40065,Oklahoma,Jackson County,24669,276
40067,Oklahoma,Jefferson County,5347,93
40069,Oklahoma,Johnston County,10216,175
40071,Oklahoma,Kay County,43641,631
40073,Oklahoma,Kingfisher County,15481,166
40075,Oklahoma,Kiowa County,8398,141
40077,Oklahoma,Latimer County,9526,162
40079,Oklahoma,Le Flore County,49596,736
40081,Oklahoma,Lincoln County,34562,452
40083,Oklahoma,Logan County,53029,467
40085,Oklahoma,Love County,10296,140
40087,Oklahoma,McClain County,47072,403
40089,Oklahoma,McCurtain County,30660,554
40091,Oklahoma,McIntosh County,19603,393
40093,Oklahoma,Major County,7581,115
40095,Oklahoma,Marshall County,15970,257
40097,Oklahoma,Mayes County,39889,607
40099,Oklahoma,Murray County,13754,216
40101,Oklahoma,Muskogee County,66677,1045
40103,Oklahoma,Noble County,10832,171
40105,Oklahoma,Nowata County,9438,151
40107,Oklahoma,Okfuskee County,11300,179
40109,Oklahoma,Oklahoma County,808866,7664
40111,Oklahoma,Okmulgee County,37035,636
40113,Oklahoma,Osage County,46130,569
40115,Oklahoma,Ottawa County,30287,533
40117,Oklahoma,Pawnee County,15864,256
40119,Oklahoma,Payne County,83352,692
40121,Oklahoma,Pittsburg County,43479,699
40123,Oklahoma,Pontotoc County,38396,549
40125,Oklahoma,Pottawatomie County,73791,1033
40127,Oklahoma,Pushmataha County,10800,249
40129,Oklahoma,Roger Mills County,3295,43
40131,Oklahoma,Rogers County,100248,988
40133,Oklahoma,Seminole County,23565,398
40135,Oklahoma,Sequoyah County,40291,594
40137,Oklahoma,Stephens County,44014,640
40139,Oklahoma,Texas County,20371,152
40141,Oklahoma,Tillman County,6869,125
40143,Oklahoma,Tulsa County,682868,6662
40145,Oklahoma,Wagoner County,89280,816
40147,Oklahoma,Washington County,53706,702
40149,Oklahoma,Washita County,10736,155
40151,Oklahoma,Woods County,8564,93
40153,Oklahoma,Woodward County,19947,241
41001,Oregon,Baker County,16912,270
41003,Oregon,Benton County,97713,670
41005,Oregon,Clackamas County,423173,3881
41007,Oregon,Clatsop County,41102,540
41009,Oregon,Columbia County,53880,563
41011,Oregon,Coos County,64212,1117
41013,Oregon,Crook County,26952,326
41015,Oregon,Curry County,23296,469
41017,Oregon,Deschutes County,208513,1729
41019,Oregon,Douglas County,112435,1889
41021,Oregon,Gilliam County,2026,36
41023,Oregon,Grant County,7215,115
41025,Oregon,Harney County,7440,109
41027,Oregon,Hood River County,23745,194
41029,Oregon,Jackson County,220768,2758
41031,Oregon,Jefferson County,25454,293
41033,Oregon,Josephine County,87821,1446
41035,Oregon,Klamath County,70003,1009
41037,Oregon,Lake County,8293,145
41039,Oregon,Lane County,381181,4439
41041,Oregon,Lincoln County,50821,765
41043,Oregon,Linn County,131496,1576
41045,Oregon,Malheur County,32044,376
41047,Oregon,Marion County,346741,3380
41049,Oregon,Morrow County,12302,126
41051,Oregon,Multnomah County,789698,6731
41053,Oregon,Polk County,89805,885
41055,Oregon,Sherman County,1951,25
41057,Oregon,Tillamook County,27417,419
41059,Oregon,Umatilla County,80053,842
41061,Oregon,Union County,25944,351
41063,Oregon,Wallowa County,7674,115
41065,Oregon,Wasco County,26333,388
41067,Oregon,Washington County,598865,4131
41069,Oregon,Wheeler County,1436,21
41071,Oregon,Yamhill County,108644,1156
42001,Pennsylvania,Adams County,106748,1142
42003,Pennsylvania,Allegheny County,1224825,13684
42005,Pennsylvania,Armstrong County,64074,977
42007,Pennsylvania,Beaver County,165631,2202
42009,Pennsylvania,Bedford County,47350,675
42011,Pennsylvania,Berks County,432821,4304
42013,Pennsylvania,Blair County,120273,1685
42015,Pennsylvania,Bradford County,59695,788
42017,Pennsylvania,Bucks County,645984,6193
42019,Pennsylvania,Butler County,198413,2207
42021,Pennsylvania,Cambria County,130668,1876
42023,Pennsylvania,Cameron County,4380,80
42025,Pennsylvania,Carbon County,65458,911
42027,Pennsylvania,Centre County,157795,1133
42029,Pennsylvania,Chester County,549784,3971
42031,Pennsylvania,Clarion County,36970,576
42033,Pennsylvania,Clearfield County,77090,1142
42035,Pennsylvania,Clinton County,37607,472
42037,Pennsylvania,Columbia County,65439,821
42039,Pennsylvania,Crawford County,82001,1141
42041,Pennsylvania,Cumberland County,270738,2504
42043,Pennsylvania,Dauphin County,289234,2887
42045,Pennsylvania,Delaware County,576720,5362
42047,Pennsylvania,Elk County,30198,445
42049,Pennsylvania,Erie County,267571,3050
42051,Pennsylvania,Fayette County,123915,2112
42053,Pennsylvania,Forest County,6449,117
42055,Pennsylvania,Franklin County,157854,1855
42057,Pennsylvania,Fulton County,14468,231
42059,Pennsylvania,Greene County,34357,507
42061,Pennsylvania,Huntingdon County,43514,567
42063,Pennsylvania,Indiana County,83094,1038
42065,Pennsylvania,Jefferson County,43612,617
42067,Pennsylvania,Juniata County,23243,342
42069,Pennsylvania,Lackawanna County,216123,2675
42071,Pennsylvania,Lancaster County,558589,5280
42073,Pennsylvania,Lawrence County,84472,1313
42075,Pennsylvania,Lebanon County,144252,1707
42077,Pennsylvania,Lehigh County,377754,3605
42079,Pennsylvania,Luzerne County,327388,4124
42081,Pennsylvania,Lycoming County,112724,1436
42083,Pennsylvania,McKean County,39519,592
42085,Pennsylvania,Mercer County,108503,1654
42087,Pennsylvania,Mifflin County,45922,622
42089,Pennsylvania,Monroe County,166053,1702
42091,Pennsylvania,Montgomery County,868742,7570
42093,Pennsylvania,Montour County,17860,237
42095,Pennsylvania,Northampton County,319091,3201
42097,Pennsylvania,Northumberland County,90120,1233
42099,Pennsylvania,Perry County,46083,544
42101,Pennsylvania,Philadelphia County,1550542,14689
42103,Pennsylvania,Pike County,61247,649
42105,Pennsylvania,Potter County,15999,289
42107,Pennsylvania,Schuylkill County,143786,1936
42109,Pennsylvania,Snyder County,39717,421
42111,Pennsylvania,Somerset County,72197,1086
42113,Pennsylvania,Sullivan County,5834,131
42115,Pennsylvania,Susquehanna County,38109,543
42117,Pennsylvania,Tioga County,40840,566
42119,Pennsylvania,Union County,42042,457
42121,Pennsylvania,Venango County,49431,805
42123,Pennsylvania,Warren County,37572,637
42125,Pennsylvania,Washington County,210232,2664
42127,Pennsylvania,Wayne County,51262,774
42129,Pennsylvania,Westmoreland County,351163,4710
42131,Pennsylvania,Wyoming County,25902,396
42133,Pennsylvania,York County,464640,4706
44001,Rhode Island,Bristol County,50255,573
44003,Rhode Island,Kent County,171278,1977
44005,Rhode Island,Newport County,83832,845
44007,Rhode Island,Providence County,660615,5740
44009,Rhode Island,Washington County,129982,1299
45001,South Carolina,Abbeville County,24434,404
45003,South Carolina,Aiken County,177130,2225
45005,South Carolina,Allendale County,7369,152
45007,South Carolina,Anderson County,213076,2670
45009,South Carolina,Bamberg County,12974,234
45011,South Carolina,Barnwell County,20447,315
45013,South Carolina,Beaufort County,198979,1906
45015,South Carolina,Berkeley County,255217,1916
45017,South Carolina,Calhoun County,14186,230
45019,South Carolina,Charleston County,424367,3397
45021,South Carolina,Cherokee County,56714,843
45023,South Carolina,Chester County,32226,516
45025,South Carolina,Chesterfield County,44031,649
45027,South Carolina,Clarendon County,31004,539
45029,South Carolina,Colleton County,38874,693
45031,South Carolina,Darlington County,62416,997
45033,South Carolina,Dillon County,27698,478
45035,South Carolina,Dorchester County,169833,1447
45037,South Carolina,Edgefield County,27607,363
45039,South Carolina,Fairfield County,20422,377
45041,South Carolina,Florence County,137214,1806
45043,South Carolina,Georgetown County,65731,968
45045,South Carolina,Greenville County,558036,5127
45047,South Carolina,Greenwood County,69460,948
45049,South Carolina,Hampton County,18122,289
45051,South Carolina,Horry County,397478,4611
45053,South Carolina,Jasper County,33544,385
45055,South Carolina,Kershaw County,69905,915
45057,South Carolina,Lancaster County,108215,1190
45059,South Carolina,Laurens County,68873,1032
45061,South Carolina,Lee County,15967,293
45063,South Carolina,Lexington County,309528,2905
45065,South Carolina,McCormick County,9941,177
45067,South Carolina,Marion County,28508,497
45069,South Carolina,Marlboro County,25704,451
45071,South Carolina,Newberry County,38825,540
45073,South Carolina,Oconee County,81221,1089
45075,South Carolina,Orangeburg County,82820,1301
45077,South Carolina,Pickens County,135495,1499
45079,South Carolina,Richland County,425138,3522
45081,South Carolina,Saluda County,19123,276
45083,South Carolina,Spartanburg County,356698,3772
45085,South Carolina,Sumter County,104165,1364
45087,South Carolina,Union County,26629,504
45089,South Carolina,Williamsburg County,29891,519
45091,South Carolina,York County,298320,2521
46003,South Dakota,Aurora County,2782,44
46005,South Dakota,Beadle County,19591,179
46007,South Dakota,Bennett County,3305,43
46009,South Dakota,Bon Homme County,7065,95
46011,South Dakota,Brookings County,35980,214
46013,South Dakota,Brown County,37733,363
46015,South Dakota,Brule County,5311,48
46017,South Dakota,Buffalo County,1884,41
46019,South Dakota,Butte County,10863,115
46021,South Dakota,Campbell County,1340,25
46023,South Dakota,Charles Mix County,9240,93
46025,South Dakota,Clark County,3948,35
46027,South Dakota,Clay County,15431,113
46029,South Dakota,Codington County,28971,268
46031,South Dakota,Corson County,3782,68
46033,South Dakota,Custer County,9117,92
46035,South Dakota,Davison County,19922,230
46037,South Dakota,Day County,5451,77
46039,South Dakota,Deuel County,4354,47
46041,South Dakota,Dewey County,5208,102
46043,South Dakota,Douglas County,2838,38
46045,South Dakota,Edmunds County,4057,48
46047,South Dakota,Fall River County,7393,138
46049,South Dakota,Faulk County,2151,31
46051,South Dakota,Grant County,7553,99
46053,South Dakota,Gregory County,4018,54
46055,South Dakota,Haakon County,1851,26
46057,South Dakota,Hamlin County,6451,53
46059,South Dakota,Hand County,3107,55
46061,South Dakota,Hanson County,3471,30
46063,South Dakota,Harding County,1324,6
46065,South Dakota,Hughes County,17624,189
46067,South Dakota,Hutchinson County,7394,102
46069,South Dakota,Hyde County,1186,25
46071,South Dakota,Jackson County,2776,39
46073,South Dakota,Jerauld County,1660,18
46075,South Dakota,Jones County,855,12
46077,South Dakota,Kingsbury County,5276,72
46079,South Dakota,Lake County,11031,108
46081,South Dakota,Lawrence County,28053,272
46083,South Dakota,Lincoln County,73238,328
46085,South Dakota,Lyman County,3705,45
46087,South Dakota,McCook County,5809,74
46089,South Dakota,McPherson County,2334,37
46091,South Dakota,Marshall County,4390,56
46093,South Dakota,Meade County,30954,244
46095,South Dakota,Mellette County,1851,35
46097,South Dakota,Miner County,2280,38
46099,South Dakota,Minnehaha County,206930,1512
46101,South Dakota,Moody County,6450,68
46102,South Dakota,Oglala Lakota County,13434,197
46103,South Dakota,Pennington County,115903,1108
46105,South Dakota,Perkins County,2834,38
46107,South Dakota,Potter County,2413,33
46109,South Dakota,Roberts County,10206,112
46111,South Dakota,Sanborn County,2399,31
46115,South Dakota,Spink County,6166,83
46117,South Dakota,Stanley County,3043,32
46119,South Dakota,Sully County,1494,14
46121,South Dakota,Todd County,9199,119
46123,South Dakota,Tripp County,5621,60
46125,South Dakota,Turner County,9027,107
46127,South Dakota,Union County,17183,129
46129,South Dakota,Walworth County,5269,69
46135,South Dakota,Yankton County,23517,245
46137,South Dakota,Ziebach County,2322,35
47001,Tennessee,Anderson County,80234,1154
47003,Tennessee,Bedford County,53055,612
47005,Tennessee,Benton County,16103,317
47007,Tennessee,Bledsoe County,15060,179
47009,Tennessee,Blount County,141456,1708
47011,Tennessee,Bradley County,111579,1423
47013,Tennessee,Campbell County,40223,711
47015,Tennessee,Cannon County,15063,204
47017,Tennessee,Carroll County,28860,463
47019,Tennessee,Carter County,57022,858
47021,Tennessee,Cheatham County,42254,535
47023,Tennessee,Chester County,17606,251
47025,Tennessee,Claiborne County,32654,542
47027,Tennessee,Clay County,7714,133
47029,Tennessee,Cocke County,37404,673
47031,Tennessee,Coffee County,60633,802
47033,Tennessee,Crockett County,13982,208
47035,Tennessee,Cumberland County,64760,1120
47037,Tennessee,Davidson County,712334,5642
47039,Tennessee,Decatur County,11656,213
47041,Tennessee,DeKalb County,21225,328
47043,Tennessee,Dickson County,56729,700
47045,Tennessee,Dyer County,36498,593
47047,Tennessee,Fayette County,44175,534
47049,Tennessee,Fentress County,19696,356
47051,Tennessee,Franklin County,44654,599
47053,Tennessee,Gibson County,51045,860
47055,Tennessee,Giles County,30721,492
47057,Tennessee,Grainger County,24681,377
47059,Tennessee,Greene County,72577,1145
47061,Tennessee,Grundy County,13955,239
47063,Tennessee,Hamblen County,66216,998
47065,Tennessee,Hamilton County,379864,3913
47067,Tennessee,Hancock County,6956,127
47069,Tennessee,Hardeman County,25567,376
47071,Tennessee,Hardin County,27229,491
47073,Tennessee,Hawkins County,58600,940
47075,Tennessee,Haywood County,17328,279
47077,Tennessee,Henderson County,28070,414
47079,Tennessee,Henry County,32554,521
47081,Tennessee,Hickman County,25826,362
47083,Tennessee,Houston County,8393,138
47085,Tennessee,Humphreys County,19209,337
47087,Tennessee,Jackson County,12363,175
47089,Tennessee,Jefferson County,57838,794
47091,Tennessee,Johnson County,18375,293
47093,Tennessee,Knox County,500669,5082
47095,Tennessee,Lake County,6347,144
47097,Tennessee,Lauderdale County,24610,351
47099,Tennessee,Lawrence County,46114,637
47101,Tennessee,Lewis County,13066,219
47103,Tennessee,Lincoln County,36169,511
47105,Tennessee,Loudon County,60591,766
47107,Tennessee,McMinn County,55678,855
47109,Tennessee,McNairy County,26163,442
47111,Tennessee,Macon County,26793,327
47113,Tennessee,Madison County,99193,1193
47115,Tennessee,Marion County,29382,437
47117,Tennessee,Marshall County,36961,441
47119,Tennessee,Maury County,110760,1106
47121,Tennessee,Meigs County,13691,206
47123,Tennessee,Monroe County,48594,736
47125,Tennessee,Montgomery County,239872,1743
47127,Tennessee,Moore County,6748,95
47129,Tennessee,Morgan County,21573,319
47131,Tennessee,Obion County,30411,471
47133,Tennessee,Overton County,23327,394
47135,Tennessee,Perry County,8891,145
47137,Tennessee,Pickett County,5128,77
47139,Tennessee,Polk County,18033,330
47141,Tennessee,Putnam County,83844,931
47143,Tennessee,Rhea County,33924,518
47145,Tennessee,Roane County,56096,845
47147,Tennessee,Robertson County,76776,870
47149,Tennessee,Rutherford County,367101,2548
47151,Tennessee,Scott County,22171,358
47153,Tennessee,Sequatchie County,17161,216
47155,Tennessee,Sevier County,99415,1301
47157,Tennessee,Shelby County,910042,9509
47159,Tennessee,Smith County,20538,276
47161,Tennessee,Stewart County,14222,205
47163,Tennessee,Sullivan County,162135,2347
47165,Tennessee,Sumner County,207994,2057
47167,Tennessee,Tipton County,62015,757
47169,Tennessee,Trousdale County,12271,147
47171,Tennessee,Unicoi County,17756,368
47173,Tennessee,Union County,20741,333
47175,Tennessee,Van Buren County,6493,145
47177,Tennessee,Warren County,42638,567
47179,Tennessee,Washington County,138420,1702
47181,Tennessee,Wayne County,16066,252
47183,Tennessee,Weakley County,33084,469
47185,Tennessee,White County,28692,453
47187,Tennessee,Williamson County,264460,1499
47189,Tennessee,Wilson County,163674,1387
48001,Texas,Anderson County,57736,802
48003,Texas,Andrews County,18664,152
48005,Texas,Angelina County,87319,1102
48007,Texas,Aransas County,25374,412
48009,Texas,Archer County,9029,109
48011,Texas,Armstrong County,1832,30
48013,Texas,Atascosa County,51784,551
48015,Texas,Austin County,31677,343
48017,Texas,Bailey County,6672,76
48019,Texas,Bandera County,22637,314
48021,Texas,Bastrop County,110778,852
48023,Texas,Baylor County,3463,79
48025,Texas,Bee County,30850,374
48027,Texas,Bell County,393193,2880
48029,Texas,Bexar County,2087679,15947
48031,Texas,Blanco County,13048,155
48033,Texas,Borden County,572,7
48035,Texas,Bosque County,18996,294
48037,Texas,Bowie County,91687,1208
48039,Texas,Brazoria County,398938,2959
48041,Texas,Brazos County,244703,1276
48043,Texas,Brewster County,9513,109
48045,Texas,Briscoe County,1445,16
48047,Texas,Brooks County,6848,98
48049,Texas,Brown County,38709,588
48051,Texas,Burleson County,19475,283
48053,Texas,Burnet County,53991,620
48055,Texas,Caldwell County,49859,458
48057,Texas,Calhoun County,19696,260
48059,Texas,Callahan County,14374,215
48061,Texas,Cameron County,426710,3228
48063,Texas,Camp County,13000,226
48065,Texas,Carson County,5878,82
48067,Texas,Cass County,28659,548
48069,Texas,Castro County,7227,94
48071,Texas,Chambers County,53876,394
48073,Texas,Cherokee County,52217,715
48075,Texas,Childress County,6788,81
48077,Texas,Clay County,10738,148
48079,Texas,Cochran County,2509,43
48081,Texas,Coke County,3352,65
48083,Texas,Coleman County,7842,204
48085,Texas,Collin County,1195359,5299
48087,Texas,Collingsworth County,2563,41
48089,Texas,Colorado County,21117,327
48091,Texas,Comal County,193928,1550
48093,Texas,Comanche County,14050,206
48095,Texas,Concho County,3297,33
48097,Texas,Cooke County,43782,475
48099,Texas,Coryell County,84878,641
48101,Texas,Cottle County,1294,21
48103,Texas,Crane County,4574,48
48105,Texas,Crockett County,2858,55
48107,Texas,Crosby County,4917,98
48109,Texas,Culberson County,2196,31
48111,Texas,Dallam County,7237,77
48113,Texas,Dallas County,2606358,17336
48115,Texas,Dawson County,12004,159
48117,Texas,Deaf Smith County,18347,209
48119,Texas,Delta County,5520,85
48121,Texas,Denton County,1007703,4558
48123,Texas,DeWitt County,19929,280
48125,Texas,Dickens County,1711,29
48127,Texas,Dimmit County,8257,150
48129,Texas,Donley County,3214,61
48131,Texas,Duval County,9604,169
48133,Texas,Eastland County,18037,359
48135,Texas,Ector County,164494,1399
48137,Texas,Edwards County,1393,31
48139,Texas,Ellis County,222829,1594
48141,Texas,El Paso County,869880,6332
48143,Texas,Erath County,44195,423
48145,Texas,Falls County,17286,231
48147,Texas,Fannin County,37571,543
48149,Texas,Fayette County,25474,360
48151,Texas,Fisher County,3612,62
48153,Texas,Floyd County,5090,89
48155,Texas,Foard County,1079,25
48157,Texas,Fort Bend County,916778,4178
48159,Texas,Franklin County,10735,127
48161,Texas,Freestone County,20441,242
48163,Texas,Frio County,17987,206
48165,Texas,Gaines County,22523,166
48167,Texas,Galveston County,361744,3171
48169,Texas,Garza County,4517,64
48171,Texas,Gillespie County,27733,384
48173,Texas,Glasscock County,1141,11
48175,Texas,Goliad County,7144,99
48177,Texas,Gonzales County,19930,256
48179,Texas,Gray County,20916,336
48181,Texas,Grayson County,146907,1706
48183,Texas,Gregg County,126243,1585
48185,Texas,Grimes County,32384,370
48187,Texas,Guadalupe County,188454,1409
48189,Texas,Hale County,31761,372
48191,Texas,Hall County,2818,49
48193,Texas,Hamilton County,8619,143
48195,Texas,Hansford County,5071,61
48197,Texas,Hardeman County,3490,44
48199,Texas,Hardin County,58261,720
48201,Texas,Harris County,4835125,30755
48203,Texas,Harrison County,70895,849
48205,Texas,Hartley County,5145,45
48207,Texas,Haskell County,5385,110
48209,Texas,Hays County,280486,1448
48211,Texas,Hemphill County,3189,23
48213,Texas,Henderson County,86158,1349
48215,Texas,Hidalgo County,898471,5383
48217,Texas,Hill County,38101,612
48219,Texas,Hockley County,21460,283
48221,Texas,Hood County,67774,871
48223,Texas,Hopkins County,38172,486
48225,Texas,Houston County,22066,367
48227,Texas,Howard County,30554,427
48229,Texas,Hudspeth County,3451,39
48231,Texas,Hunt County,113347,1133
48233,Texas,Hutchinson County,20033,339
48235,Texas,Irion County,1549,23
48237,Texas,Jack County,8875,105
48239,Texas,Jackson County,15221,161
48241,Texas,Jasper County,32694,544
48243,Texas,Jeff Davis County,1856,26
48245,Texas,Jefferson County,251496,2714
48247,Texas,Jim Hogg County,4720,67
48249,Texas,Jim Wells County,38662,527
48251,Texas,Johnson County,202906,1737
48253,Texas,Jones County,20381,248
48255,Texas,Karnes County,15018,170
48257,Texas,Kaufman County,185690,1287
48259,Texas,Kendall County,50537,425
48261,Texas,Kenedy County,343,2
48263,Texas,Kent County,734,20
48265,Texas,Kerr County,53915,775
48267,Texas,Kimble County,4442,63
48269,Texas,King County,217,0
48271,Texas,Kinney County,3148,55
48273,Texas,Kleberg County,30069,319
48275,Texas,Knox County,3302,68
48277,Texas,Lamar County,51127,739
48279,Texas,Lamb County,12711,171
48281,Texas,Lampasas County,23262,321
48283,Texas,La Salle County,6537,83
48285,Texas,Lavaca County,20571,281
48287,Texas,Lee County,18240,198
48289,Texas,Leon County,16538,259
48291,Texas,Liberty County,108272,1015
48293,Texas,Limestone County,22250,366
48295,Texas,Lipscomb County,2906,39
48297,Texas,Live Oak County,11584,153
48299,Texas,Llano County,22875,375
48301,Texas,Loving County,43,2
48303,Texas,Lubbock County,320940,2879
48305,Texas,Lynn County,5761,87
48307,Texas,McCulloch County,7452,156
48309,Texas,McLennan County,268583,2517
48311,Texas,McMullen County,568,14
48313,Texas,Madison County,13742,169
48315,Texas,Marion County,9571,208
48317,Texas,Martin County,5216,53
48319,Texas,Mason County,3931,63
48321,Texas,Matagorda County,36359,442
48323,Texas,Maverick County,57762,527
48325,Texas,Medina County,54797,524
48327,Texas,Menard County,1958,38
48329,Texas,Midland County,177108,1244
48331,Texas,Milam County,25951,393
48333,Texas,Mills County,4548,89
48335,Texas,Mitchell County,9075,103
48337,Texas,Montague County,21598,349
48339,Texas,Montgomery County,711354,4559
48341,Texas,Moore County,21190,189
48343,Texas,Morris County,12066,218
48345,Texas,Motley County,1020,30
48347,Texas,Nacogdoches County,65375,722
48349,Texas,Navarro County,55635,619
48351,Texas,Newton County,12039,217
48353,Texas,Nolan County,14306,209
48355,Texas,Nueces County,352289,3406
48357,Texas,Ochiltree County,9704,88
48359,Texas,Oldham County,1783,19
48361,Texas,Orange County,85722,1075
48363,Texas,Palo Pinto County,29747,426
48365,Texas,Panola County,22838,344
48367,Texas,Parker County,173494,1386
48369,Texas,Parmer County,9617,103
48371,Texas,Pecos County,14623,169
48373,Texas,Polk County,54186,844
48375,Texas,Potter County,114647,1402
48377,Texas,Presidio County,5795,70
48379,Texas,Rains County,12986,198
48381,Texas,Randall County,148255,1300
48383,Texas,Reagan County,3141,32
48385,Texas,Real County,2854,61
48387,Texas,Red River County,11678,225
48389,Texas,Reeves County,11770,151
48391,Texas,Refugio County,6666,110
48393,Texas,Roberts County,840,7
48395,Texas,Robertson County,17267,260
48397,Texas,Rockwall County,131307,781
48399,Texas,Runnels County,9868,187
48401,Texas,Rusk County,53079,694
48403,Texas,Sabine County,10106,237
48405,Texas,San Augustine County,7833,182
48407,Texas,San Jacinto County,28936,449
48409,Texas,San Patricio County,70660,760
48411,Texas,San Saba County,5845,85
48413,Texas,Schleicher County,2391,33
48415,Texas,Scurry County,16212,211
48417,Texas,Shackelford County,3229,41
48419,Texas,Shelby County,24179,367
48421,Texas,Sherman County,2678,31
48423,Texas,Smith County,245209,2544
48425,Texas,Somervell County,9888,116
48427,Texas,Starr County,65934,559
48429,Texas,Stephens County,9343,141
48431,Texas,Sterling County,1397,16
48433,Texas,Stonewall County,1218,21
48435,Texas,Sutton County,3221,47
48437,Texas,Swisher County,6955,94
48439,Texas,Tarrant County,2182947,14996
48441,Texas,Taylor County,146836,1590
48443,Texas,Terrell County,687,20
48445,Texas,Terry County,11547,146
48447,Texas,Throckmorton County,1526,23
48449,Texas,Titus County,31357,336
48451,Texas,Tom Green County,119057,1267
48453,Texas,Travis County,1334961,6312
48455,Texas,Trinity County,14228,306
48457,Texas,Tyler County,20382,375
48459,Texas,Upshur County,43281,600
48461,Texas,Upton County,3109,31
48463,Texas,Uvalde County,24960,324
48465,Texas,Val Verde County,47720,457
48467,Texas,Van Zandt County,64000,875
48469,Texas,Victoria County,91664,1004
48471,Texas,Walker County,81268,654
48473,Texas,Waller County,63553,482
48475,Texas,Ward County,10966,119
48477,Texas,Washington County,37007,479
48479,Texas,Webb County,269148,1664
48481,Texas,Wharton County,41739,534
48483,Texas,Wheeler County,4804,91
48485,Texas,Wichita County,130180,1539
48487,Texas,Wilbarger County,12522,191
48489,Texas,Willacy County,20037,212
48491,Texas,Williamson County,697191,3494
48493,Texas,Wilson County,54183,582
48495,Texas,Winkler County,7414,85
48497,Texas,Wise County,78097,743
48499,Texas,Wood County,47921,806
48501,Texas,Yoakum County,7468,80
48503,Texas,Young County,18124,306
48505,Texas,Zapata County,13736,141
48507,Texas,Zavala County,9312,148
49001,Utah,Beaver County,7233,77
49003,Utah,Box Elder County,62684,480
49005,Utah,Cache County,142393,729
49007,Utah,Carbon County,20609,291
49009,Utah,Daggett County,992,7
49011,Utah,Davis County,373207,2122
49013,Utah,Duchesne County,20477,177
49015,Utah,Emery County,10144,126
49017,Utah,Garfield County,5314,61
49019,Utah,Grand County,9706,85
49021,Utah,Iron County,64211,419
49023,Utah,Juab County,13023,89
49025,Utah,Kane County,8425,101
49027,Utah,Millard County,13437,133
49029,Utah,Morgan County,13000,70
49031,Utah,Piute County,1550,24
49033,Utah,Rich County,2670,18
49035,Utah,Salt Lake County,1185813,7436
49037,Utah,San Juan County,14358,156
49039,Utah,Sanpete County,30277,270
49041,Utah,Sevier County,22344,226
49043,Utah,Summit County,42759,210
49045,Utah,Tooele County,82051,491
49047,Utah,Uintah County,37747,318
49049,Utah,Utah County,719174,3065
49051,Utah,Wasatch County,37144,187
49053,Utah,Washington County,202452,1762
49055,Utah,Wayne County,2614,33
49057,Utah,Weber County,271926,2006
50001,Vermont,Addison County,37720,373
50003,Vermont,Bennington County,37183,545
50005,Vermont,Caledonia County,30610,397
50007,Vermont,Chittenden County,169481,1297
50009,Vermont,Essex County,6010,89
50011,Vermont,Franklin County,50994,473
50013,Vermont,Grand Isle County,7467,101
50015,Vermont,Lamoille County,26060,251
50017,Vermont,Orange County,29943,307
50019,Vermont,Orleans County,27516,437
50021,Vermont,Rutland County,60271,790
50023,Vermont,Washington County,60142,609
50025,Vermont,Windham County,45966,529
50027,Vermont,Windsor County,58101,678
51001,Virginia,Accomack County,33239,532
51003,Virginia,Albemarle County,115676,916
51005,Virginia,Alleghany County,14595,301
51007,Virginia,Amelia County,13480,219
51009,Virginia,Amherst County,31396,464
51011,Virginia,Appomattox County,16864,194
51013,Virginia,Arlington County,234162,974
51015,Virginia,Augusta County,78247,886
51017,Virginia,Bath County,4051,75
51019,Virginia,Bedford County,81525,970
51021,Virginia,Bland County,6179,102
51023,Virginia,Botetourt County,34125,456
51025,Virginia,Brunswick County,15749,267
51027,Virginia,Buchanan County,19087,379
51029,Virginia,Buckingham County,16978,222
51031,Virginia,Campbell County,55270,712
51033,Virginia,Caroline County,32640,371
51035,Virginia,Carroll County,29239,502
51036,Virginia,Charles City County,6610,114
51037,Virginia,Charlotte County,11336,235
51041,Virginia,Chesterfield County,383876,2935
51043,Virginia,Clarke County,15466,181
51045,Virginia,Craig County,4843,73
51047,Virginia,Culpeper County,54973,529
51049,Virginia,Cumberland County,9878,131
51051,Virginia,Dickenson County,13640,220
51053,Virginia,Dinwiddie County,28343,364
51057,Virginia,Essex County,10598,183
51059,Virginia,Fairfax County,1141878,5120
51061,Virginia,Fauquier County,75165,662
51063,Virginia,Floyd County,15679,213
51065,Virginia,Fluvanna County,28462,285
51067,Virginia,Franklin County,55549,739
51069,Virginia,Frederick County,95994,918
51071,Virginia,Giles County,16457,289
51073,Virginia,Gloucester County,40057,474
51075,Virginia,Goochland County,27197,272
51077,Virginia,Grayson County,15285,267
51079,Virginia,Greene County,21301,230
51081,Virginia,Greensville County,11133,158
51083,Virginia,Halifax County,33432,592
51085,Virginia,Hanover County,114148,1145
51087,Virginia,Henrico County,334760,3111
51089,Virginia,Henry County,49702,908
51091,Virginia,Highland County,2339,33
51093,Virginia,Isle of Wight County,40711,459
51095,Virginia,James City County,82654,774
51097,Virginia,King and Queen County,6720,102
51099,Virginia,King George County,28568,204
51101,Virginia,King William County,19030,221
51103,Virginia,Lancaster County,10859,228
51105,Virginia,Lee County,21745,385
51107,Virginia,Loudoun County,436347,1620
51109,Virginia,Louisa County,41037,472
51111,Virginia,Lunenburg County,12038,171
51113,Virginia,Madison County,14128,172
51115,Virginia,Mathews County,8514,171
51117,Virginia,Mecklenburg County,30648,540
51119,Virginia,Middlesex County,10924,206
51121,Virginia,Montgomery County,98666,763
51125,Virginia,Nelson County,14705,207
51127,Virginia,New Kent County,26134,245
51131,Virginia,Northampton County,12021,212
51133,Virginia,Northumberland County,12391,232
51135,Virginia,Nottoway County,15566,253
51137,Virginia,Orange County,38574,455
51139,Virginia,Page County,23741,335
51141,Virginia,Patrick County,17509,345
51143,Virginia,Pittsylvania County,59571,812
51145,Virginia,Powhatan County,32105,304
51147,Virginia,Prince Edward County,22049,266
51149,Virginia,Prince George County,42871,363
51153,Virginia,Prince William County,489640,2324
51155,Virginia,Pulaski County,33655,536
51157,Virginia,Rappahannock County,7414,94
51159,Virginia,Richmond County,9184,128
51161,Virginia,Roanoke County,97026,1145
51163,Virginia,Rockbridge County,22358,327
51165,Virginia,Rockingham County,86568,923
51167,Virginia,Russell County,25477,436
51169,Virginia,Scott County,21433,377
51171,Virginia,Shenandoah County,45228,588
51173,Virginia,Smyth County,29216,559
51175,Virginia,Southampton County,17975,257
51177,Virginia,Spotsylvania County,149588,1112
51179,Virginia,Stafford County,165428,945
51181,Virginia,Surry County,6593,106
51183,Virginia,Sussex County,10757,178
51185,Virginia,Tazewell County,39120,731
51187,Virginia,Warren County,41843,506
51191,Virginia,Washington County,54050,806
51193,Virginia,Westmoreland County,19013,258
51195,Virginia,Wise County,35174,608
51197,Virginia,Wythe County,28104,471
51199,Virginia,York County,70952,588
51510,Virginia,Alexandria city,155230,902
51520,Virginia,Bristol city,16807,302
51530,Virginia,Buena Vista city,6566,109
51540,Virginia,Charlottesville city,44983,365
51550,Virginia,Chesapeake city,253886,2166
51570,Virginia,Colonial Heights city,18393,308
51580,Virginia,Covington city,5545,122
51590,Virginia,Danville city,41837,854
51595,Virginia,Emporia city,5463,103
51600,Virginia,Fairfax city,25144,300
51610,Virginia,Falls Church city,14685,166
51620,Virginia,Franklin city,8339,179
51630,Virginia,Fredericksburg city,28928,305
51640,Virginia,Galax city,6717,169
51650,Virginia,Hampton city,137098,1504
51660,Virginia,Harrisonburg city,51082,355
51670,Virginia,Hopewell city,22752,418
51678,Virginia,Lexington city,7528,69
51680,Virginia,Lynchburg city,79535,922
51683,Virginia,Manassas city,42696,365
51685,Virginia,Manassas Park city,16361,85
51690,Virginia,Martinsville city,13763,298
51700,Virginia,Newport News city,183118,1768
51710,Virginia,Norfolk city,230930,2208
51720,Virginia,Norton city,3492,93
51730,Virginia,Petersburg city,33309,640
51735,Virginia,Poquoson city,12635,132
51740,Virginia,Portsmouth city,96793,1229
51750,Virginia,Radford city,16971,140
51760,Virginia,Richmond city,229247,2241
51770,Virginia,Roanoke city,97171,1433
51775,Virginia,Salem city,25600,391
51790,Virginia,Staunton city,25915,404
51800,Virginia,Suffolk city,100659,992
51810,Virginia,Virginia Beach city,453649,3635
51820,Virginia,Waynesboro city,23182,312
51830,Virginia,Williamsburg city,15847,222
51840,Virginia,Winchester city,27617,331
53001,Washington,Adams County,20820,160
53003,Washington,Asotin County,22549,309
53005,Washington,Benton County,215219,1900
53007,Washington,Chelan County,79997,850
53009,Washington,Clallam County,77616,1243
53011,Washington,Clark County,521150,4500
53013,Washington,Columbia County,4053,66
53015,Washington,Cowlitz County,112864,1412
53017,Washington,Douglas County,44798,377
53019,Washington,Ferry County,7497,124
53021,Washington,Franklin County,99034,551
53023,Washington,Garfield County,2363,32
53025,Washington,Grant County,102678,882
53027,Washington,Grays Harbor County,77290,1152
53029,Washington,Island County,86267,897
53031,Washington,Jefferson County,33714,436
53033,Washington,King County,2271380,15088
53035,Washington,Kitsap County,277658,2551
53037,Washington,Kittitas County,45508,394
53039,Washington,Klickitat County,23589,273
53041,Washington,Lewis County,86154,1126
53043,Washington,Lincoln County,11738,145
53045,Washington,Mason County,68389,826
53047,Washington,Okanogan County,43712,577
53049,Washington,Pacific County,24200,407
53051,Washington,Pend Oreille County,14361,233
53053,Washington,Pierce County,928696,8162
53055,Washington,San Juan County,18566,151
53057,Washington,Skagit County,131417,1446
53059,Washington,Skamania County,12640,103
53061,Washington,Snohomish County,844761,6475
53063,Washington,Spokane County,551455,5565
53065,Washington,Stevens County,48837,624
53067,Washington,Thurston County,299003,2943
53069,Washington,Wahkiakum County,4765,68
53071,Washington,Walla Walla County,61568,728
53073,Washington,Whatcom County,231919,2076
53075,Washington,Whitman County,48012,349
53077,Washington,Yakima County,256643,2462
54001,West Virginia,Barbour County,15378,250
54003,West Virginia,Berkeley County,132440,1323
54005,West Virginia,Boone County,20576,366
54007,West Virginia,Braxton County,12162,194
54009,West Virginia,Brooke County,21373,383
54011,West Virginia,Cabell County,92082,1350
54013,West Virginia,Calhoun County,5959,124
54015,West Virginia,Clay County,7783,153
54017,West Virginia,Doddridge County,7680,91
54019,West Virginia,Fayette County,39072,714
54021,West Virginia,Gilmer County,7254,91
54023,West Virginia,Grant County,10921,175
54025,West Virginia,Greenbrier County,32149,573
54027,West Virginia,Hampshire County,23649,317
54029,West Virginia,Hancock County,28145,489
54031,West Virginia,Hardy County,14251,187
54033,West Virginia,Harrison County,64639,943
54035,West Virginia,Jackson County,27593,416
54037,West Virginia,Jefferson County,59787,551
54039,West Virginia,Kanawha County,174805,2590
54041,West Virginia,Lewis County,16500,319
54043,West Virginia,Lincoln County,19701,357
54045,West Virginia,Logan County,30827,631
54047,West Virginia,McDowell County,17439,390
54049,West Virginia,Marion County,55807,756
54051,West Virginia,Marshall County,29405,465
54053,West Virginia,Mason County,24765,448
54055,West Virginia,Mercer County,58057,1000
54057,West Virginia,Mineral County,26867,394
54059,West Virginia,Mingo County,22023,448
54061,West Virginia,Monongalia County,107718,737
54063,West Virginia,Monroe County,12382,217
54065,West Virginia,Morgan County,17649,265
54067,West Virginia,Nicholas County,24169,391
54069,West Virginia,Ohio County,41194,637
54071,West Virginia,Pendleton County,6029,106
54073,West Virginia,Pleasants County,7428,116
54075,West Virginia,Pocahontas County,7765,134
54077,West Virginia,Preston County,34099,433
54079,West Virginia,Putnam County,56962,664
54081,West Virginia,Raleigh County,72356,1197
54083,West Virginia,Randolph County,27350,441
54085,West Virginia,Ritchie County,8167,137
54087,West Virginia,Roane County,13743,220
54089,West Virginia,Summers County,11581,248
54091,West Virginia,Taylor County,16388,253
54093,West Virginia,Tucker County,6604,114
54095,West Virginia,Tyler County,7919,139
54097,West Virginia,Upshur County,23529,318
54099,West Virginia,Wayne County,37686,624
54101,West Virginia,Webster County,8045,147
54103,West Virginia,Wetzel County,13890,293
54105,West Virginia,Wirt County,5000,85
54107,West Virginia,Wood County,83052,1152
54109,West Virginia,Wyoming County,20277,373
55001,Wisconsin,Adams County,21449,316
55003,Wisconsin,Ashland County,16079,200
55005,Wisconsin,Barron County,46833,605
55007,Wisconsin,Bayfield County,16769,190
55009,Wisconsin,Brown County,271417,2262
55011,Wisconsin,Buffalo County,13419,143
55013,Wisconsin,Burnett County,17092,227
55015,Wisconsin,Calumet County,53199,399
55017,Wisconsin,Chippewa County,66970,657
55019,Wisconsin,Clark County,34774,387
55021,Wisconsin,Columbia County,58091,620
55023,Wisconsin,Crawford County,15944,198
55025,Wisconsin,Dane County,575347,3579
55027,Wisconsin,Dodge County,88231,1064
55029,Wisconsin,Door County,30562,379
55031,Wisconsin,Douglas County,44264,501
55033,Wisconsin,Dunn County,45794,408
55035,Wisconsin,Eau Claire County,107903,958
55037,Wisconsin,Florence County,4682,66
55039,Wisconsin,Fond du Lac County,103948,1136
55041,Wisconsin,Forest County,9325,152
55043,Wisconsin,Grant County,51409,572
55045,Wisconsin,Green County,36951,397
55047,Wisconsin,Green Lake County,19344,286
55049,Wisconsin,Iowa County,23956,211
55051,Wisconsin,Iron County,6228,108
55053,Wisconsin,Jackson County,20855,237
55055,Wisconsin,Jefferson County,85743,858
55057,Wisconsin,Juneau County,26594,372
55059,Wisconsin,Kenosha County,167488,1627
55061,Wisconsin,Kewaunee County,20690,205
55063,Wisconsin,La Crosse County,120486,1103
55065,Wisconsin,Lafayette County,16945,166
55067,Wisconsin,Langlade County,19404,306
55069,Wisconsin,Lincoln County,28405,436
55071,Wisconsin,Manitowoc County,81331,917
55073,Wisconsin,Marathon County,138612,1366
55075,Wisconsin,Marinette County,42106,597
55077,Wisconsin,Marquette County,15838,250
55078,Wisconsin,Menominee County,4226,69
55079,Wisconsin,Milwaukee County,916205,8928
55081,Wisconsin,Monroe County,46151,537
55083,Wisconsin,Oconto County,39775,416
55085,Wisconsin,Oneida County,38226,521
55087,Wisconsin,Outagamie County,193234,1593
55089,Wisconsin,Ozaukee County,93460,883
55091,Wisconsin,Pepin County,7441,82
55093,Wisconsin,Pierce County,43026,366
55095,Wisconsin,Polk County,45762,567
55097,Wisconsin,Portage County,71024,696
55099,Wisconsin,Price County,14102,210
55101,Wisconsin,Racine County,196613,2127
55103,Wisconsin,Richland County,17197,231
55105,Wisconsin,Rock County,164278,1703
55107,Wisconsin,Rusk County,14143,237
55109,Wisconsin,St. Croix County,96763,787
55111,Wisconsin,Sauk County,65920,733
55113,Wisconsin,Sawyer County,18552,275
55115,Wisconsin,Shawano County,41109,495
55117,Wisconsin,Sheboygan County,117752,1218
55119,Wisconsin,Taylor County,20058,221
55121,Wisconsin,Trempealeau County,30899,304
55123,Wisconsin,Vernon County,31170,357
55125,Wisconsin,Vilas County,23885,358
55127,Wisconsin,Walworth County,105822,1054
55129,Wisconsin,Washburn County,16930,277
55131,Wisconsin,Washington County,138168,1325
55133,Wisconsin,Waukesha County,412591,3936
55135,Wisconsin,Waupaca County,51388,739
55137,Wisconsin,Waushara County,24934,329
55139,Wisconsin,Winnebago County,171735,1649
55141,Wisconsin,Wood County,73939,1008
56001,Wyoming,Albany County,38257,237
56003,Wyoming,Big Horn County,12018,155
56005,Wyoming,Campbell County,47498,335
56007,Wyoming,Carbon County,14334,154
56009,Wyoming,Converse County,13809,145
56011,Wyoming,Crook County,7592,84
56013,Wyoming,Fremont County,39815,514
56015,Wyoming,Goshen County,12642,176
56017,Wyoming,Hot Springs County,4661,84
56019,Wyoming,Johnson County,8759,102
56021,Wyoming,Laramie County,100984,1054
56023,Wyoming,Lincoln County,20880,152
56025,Wyoming,Natrona County,79941,792
56027,Wyoming,Niobrara County,2354,33
56029,Wyoming,Park County,30735,352
56031,Wyoming,Platte County,8546,145
56033,Wyoming,Sheridan County,32519,353
56035,Wyoming,Sublette County,8969,73
56037,Wyoming,Sweetwater County,41249,366
56039,Wyoming,Teton County,23232,90
56041,Wyoming,Uinta County,20745,182
56043,Wyoming,Washakie County,7710,109
56045,Wyoming,Weston County,6808,92
